Time of Departure,Departure Airport,Arrival Airport,Arrival Time
1673070749.0,EKCH,EDDF,1673074733
1673069764.0,EPKK,EDDF,1673074525
1673030426.0,,EDDF,1673074518
1673068498.0,ENBR,EDDF,1673074437
1673071284.0,LIML,EDDF,1673074376
1673068185.0,EIDW,EDDF,1673074166
1673070458.0,EPPO,EDDF,1673074123
1673050448.0,KJFK,EDDF,1673074016
1673071789.0,EDDM,EDDF,1673073979
1673059329.0,,EDDF,1673073769
1673068467.0,LHBP,EDDF,1673073712
1673062485.0,,EDDF,1673073684
1673069237.0,LIRQ,EDDF,1673073476
1673070965.0,ELLX,EDDF,1673073411
1673063319.0,LTFM,EDDF,1673073406
1673046596.0,KDTW,EDDF,1673073352
1673071001.0,LSZM,EDDF,1673073290
1673061720.0,,EDDF,1673073255
1673067587.0,EPRZ,EDDF,1673073147
1673069104.0,LOWG,EDDF,1673073119
1673068955.0,LOWW,EDDF,1673073084
1673069913.0,LIML,EDDF,1673073074
1673070516.0,EDDP,EDDF,1673072956
1673068834.0,LIPX,EDDF,1673072849
1673048425.0,KIAD,EDDF,1673072806
1673069984.0,EDDB,EDDF,1673072804
1673048777.0,KEWR,EDDF,1673072693
1673069733.0,LOWS,EDDF,1673072685
1673070852.0,EDDS,EDDF,1673072635
1673070566.0,EDDG,EDDF,1673072597
1673068717.0,LIMF,EDDF,1673072546
1673065633.0,EVRA,EDDF,1673072486
1673020929.0,VHHH,EDDF,1673072427
1673069958.0,EDDC,EDDF,1673072369
1673069439.0,EDDW,EDDF,1673072204
1673045167.0,KORD,EDDF,1673072199
1673044009.0,KMIA,EDDF,1673072116
1673045119.0,KCLT,EDDF,1673071993
1673017064.0,,EDDF,1673071856
1673017299.0,VECC,EDDF,1673071698
1673069606.0,EDDV,EDDF,1673071559
1673055322.0,,EDDF,1673071496
1673065053.0,,EDDF,1673071404
1673048951.0,OTHH,EDDF,1673071255
1673012098.0,VTBS,EDDF,1673071037
1673067998.0,EDDH,EDDF,1673070951
1673017904.0,,EDDF,1673070857
1673047301.0,,EDDF,1673070742
1673047977.0,OKBK,EDDF,1673070629
1673058276.0,,EDDF,1673070508
1673046367.0,KIAD,EDDF,1673070470
1673049173.0,,EDDF,1673070463
1673047633.0,,EDDF,1673070112
1673068482.0,EDDN,EDDF,1673069925
1673043704.0,CYYZ,EDDF,1673069845
1673055248.0,OLBA,EDDF,1673069749
1673023018.0,,EDDF,1673069746
1673046106.0,KJFK,EDDF,1673069484
1673038723.0,,EDDF,1673069242
1673020550.0,VHHH,EDDF,1673068709
1673062901.0,,EDDF,1673068678
1673024214.0,,EDDF,1673068497
1673054740.0,,EDDF,1673068379
1673027158.0,FACT,EDDF,1673068344
1673025843.0,VTBS,EDDF,1673068066
1673044088.0,,EDDF,1673067591
1673040581.0,KDTW,EDDF,1673067538
1673009720.0,FACT,EDDF,1673067140
1673039285.0,KORD,EDDF,1673066841
1673056400.0,,EDDF,1673066757
1673043665.0,KJFK,EDDF,1673066626
1673055333.0,,EDDF,1673065589
1673059821.0,,EDDF,1673065220
1673053597.0,,EDDF,1673065157
1673011745.0,,EDDF,1673065019
1673058276.0,EIDW,EDDF,1673064861
1673061761.0,EDDP,EDDF,1673064779
1673012920.0,RJTT,EDDF,1673064681
1673058252.0,,EDDF,1673064348
1673040025.0,KBOS,EDDF,1673064146
1673052386.0,EDEF,EDDF,1673053039
1673036211.0,EPWA,EDDF,1673041556
1673031696.0,LPPT,EDDF,1673040607
1673007101.0,EDDF,EDDF,1673040283
1673036070.0,EGLL,EDDF,1673040167
1673037398.0,EHAM,EDDF,1673039960
1673032391.0,LEMD,EDDF,1673039566
1673029530.0,,EDDF,1673039391
1673028395.0,LTFM,EDDF,1673038901
1673034873.0,LFPG,EDDF,1673038037
1673034901.0,EHAM,EDDF,1673037329
1673033314.0,LOWW,EDDF,1673037171
1673029930.0,ESSA,EDDF,1673036099
1673029960.0,ENGM,EDDF,1673035859
1673033634.0,EDDM,EDDF,1673035620
1673030400.0,ESGG,EDDF,1673034985
1673031137.0,EGLL,EDDF,1673034975
1673021679.0,,EDDF,1673034828
1672996277.0,EDDF,EDDF,1673034700
1672998579.0,EDDF,EDDF,1673034600
1673029651.0,LIRF,EDDF,1673034597
1673027827.0,LEBL,EDDF,1673034264
1673019416.0,LLBG,EDDF,1673034004
1673027113.0,LEPA,EDDF,1673033976
1673028506.0,EIDW,EDDF,1673033969
1673026124.0,,EDDF,1673033654
1673021732.0,,EDDF,1673033624
1673029535.0,LIPE,EDDF,1673033473
1673024475.0,LPPT,EDDF,1673033339
1673028769.0,ESGG,EDDF,1673033330
1673030685.0,EHAM,EDDF,1673033271
1673029122.0,EKCH,EDDF,1673033154
1673023417.0,LTFM,EDDF,1673033141
1673028642.0,LIRQ,EDDF,1673033129
1673028968.0,LOWW,EDDF,1673032679
1673027790.0,EGNT,EDDF,1673032578
1673027716.0,LFML,EDDF,1673032498
1673027914.0,EGCC,EDDF,1673032479
1673024126.0,LPPR,EDDF,1673032427
1673027301.0,EPKK,EDDF,1673032292
1673028556.0,LSGG,EDDF,1673032192
1673029219.0,EBMB,EDDF,1673032105
1672997248.0,EDDF,EDDF,1673032022
1673029164.0,LFPG,EDDF,1673031977
1673022105.0,LGAV,EDDF,1673031878
1673028804.0,EDDH,EDDF,1673031855
1673027603.0,EGLL,EDDF,1673031718
1672988884.0,VTBS,EDDF,1673031698
1673028984.0,EHAM,EDDF,1673031687
1673027050.0,EGGP,EDDF,1673031531
1673022261.0,LEMG,EDDF,1673031435
1673023465.0,EETN,EDDF,1673031238
1673026099.0,LFBD,EDDF,1673031214
1673025445.0,ENGM,EDDF,1673031178
1673027942.0,EDDB,EDDF,1673031108
1673028125.0,LOWS,EDDF,1673031031
1673028608.0,EDDM,EDDF,1673030830
1673007602.0,,EDDF,1673030616
1673022270.0,LMML,EDDF,1673030509
1673025284.0,LDZA,EDDF,1673030090
1673022330.0,LEMD,EDDF,1673030007
1673027079.0,LOWI,EDDF,1673029988
1673025603.0,EKCH,EDDF,1673029927
1673023787.0,,EDDF,1673029927
1673027425.0,EBBR,EDDF,1673029796
1673026472.0,LSGG,EDDF,1673029517
1673025480.0,EGLC,EDDF,1673029143
1673025549.0,LSZH,EDDF,1673029049
1672978701.0,RJTT,EDDF,1673028675
1673022570.0,EIDW,EDDF,1673028659
1673026200.0,EDNY,EDDF,1673028507
1673024526.0,EGLC,EDDF,1673028460
1673024982.0,LFPG,EDDF,1673028267
1673021002.0,EVRA,EDDF,1673028073
1672978260.0,RKSI,EDDF,1673027981
1673025106.0,EDDH,EDDF,1673027907
1673015014.0,,EDDF,1673027878
1673025180.0,EDDB,EDDF,1673027869
1673025275.0,EBBR,EDDF,1673027718
1673025377.0,EDDM,EDDF,1673027609
1673021948.0,EPWA,EDDF,1673027568
1673021221.0,LEBL,EDDF,1673027456
1673021132.0,ESSA,EDDF,1673027382
1673016187.0,,EDDF,1673027272
1673018805.0,LROP,EDDF,1673027183
1673023519.0,EGLL,EDDF,1673027084
1672996067.0,VIDP,EDDF,1673026789
1673024190.0,EHAM,EDDF,1673026565
1673017733.0,EFHK,EDDF,1673026403
1673023080.0,LIML,EDDF,1673026289
1673013353.0,,EDDF,1673026107
1673003560.0,OTHH,EDDF,1673025734
1673021576.0,LOWW,EDDF,1673025626
1673018103.0,LEMD,EDDF,1673025478
1673021485.0,EGLL,EDDF,1673025327
1673003447.0,OTHH,EDDF,1673025316
1673012934.0,,EDDF,1673025146
1673012800.0,,EDDF,1673024573
1672974333.0,RKSI,EDDF,1673024423
1673017445.0,,EDDF,1673023696
1672978142.0,,EDDF,1673023612
1673013901.0,,EDDF,1673023455
1673015854.0,LEMD,EDDF,1673023369
1672993612.0,VIDP,EDDF,1673023209
1672996131.0,KORD,EDDF,1673022926
1673017772.0,EGCC,EDDF,1673022834
1673010600.0,LTAC,EDDF,1673022804
1672998092.0,,EDDF,1673022530
1673019852.0,EDDP,EDDF,1673022068
1672990694.0,CYYC,EDDF,1673021962
1672971313.0,RJTT,EDDF,1673021806
1673016710.0,LHBP,EDDF,1673021690
1673012886.0,LPPT,EDDF,1673021685
1673014152.0,EYVI,EDDF,1673021637
1672996817.0,OMDW,EDDF,1673021471
1673016660.0,EGLC,EDDF,1673021188
1673018552.0,EHAM,EDDF,1673021142
1673016797.0,LFHC,EDDF,1673020791
1673013311.0,LEMD,EDDF,1673020763
,,EDDF,1673020587
1673018164.0,EDDM,EDDF,1673020467
1673009987.0,LTFM,EDDF,1673020314
1673011053.0,LPPT,EDDF,1673020269
1672995307.0,OMDW,EDDF,1673020246
1672977945.0,,EDDF,1673020134
1673017050.0,LFPG,EDDF,1673020064
1673008134.0,,EDDF,1673019955
1673012220.0,LBSF,EDDF,1673019655
1673008307.0,GMMN,EDDF,1673019496
1672969732.0,RJAA,EDDF,1673019355
1673012891.0,ESSA,EDDF,1673019335
1673014802.0,LDZL,EDDF,1673019265
1673012794.0,ENGM,EDDF,1673019139
1673013915.0,LHBP,EDDF,1673019053
1672989037.0,,EDDF,1673018929
1673014932.0,LIPZ,EDDF,1673018899
1673009134.0,LGAV,EDDF,1673018638
1673015830.0,LKPR,EDDF,1673018591
1673012974.0,,EDDF,1673018579
1673014384.0,EGBB,EDDF,1673018459
1673012918.0,EPWA,EDDF,1673018389
1673013253.0,,EDDF,1673018276
1673009466.0,LMML,EDDF,1673017949
1673013728.0,LIPE,EDDF,1673017888
1673009735.0,LROP,EDDF,1673017672
1673014773.0,EDDH,EDDF,1673017617
1673013786.0,LIMF,EDDF,1673017463
1673012932.0,LIRQ,EDDF,1673017357
1673010780.0,,EDDF,1673017131
1673011800.0,EGPH,EDDF,1673017107
1673011170.0,LEBL,EDDF,1673017049
1673011662.0,,EDDF,1673016997
1673014141.0,EHAM,EDDF,1673016988
1673013654.0,LIML,EDDF,1673016786
1673008856.0,DAAG,EDDF,1673016716
1673014321.0,LSZH,EDDF,1673016576
1673012738.0,EGLL,EDDF,1673016494
1673014151.0,EDDM,EDDF,1673016447
1673011324.0,EPGD,EDDF,1673016441
1673013227.0,LFPG,EDDF,1673016419
1673010759.0,LIRF,EDDF,1673016380
1673012922.0,LIMC,EDDF,1673016343
1672965199.0,RKSI,EDDF,1673016203
1673010865.0,EPGD,EDDF,1673016200
1673007703.0,EFHK,EDDF,1673016057
1673009795.0,LYBE,EDDF,1673016033
1673011956.0,LOWG,EDDF,1673015993
1673011393.0,EPKT,EDDF,1673015969
1673012190.0,LIPX,EDDF,1673015906
1673013098.0,EDDB,EDDF,1673015905
1673010160.0,EGPF,EDDF,1673015723
1673011994.0,EKBI,EDDF,1673015643
1673011705.0,,EDDF,1673015552
1673013879.0,EDDL,EDDF,1673015536
1673012460.0,LOWI,EDDF,1673015467
1673009347.0,,EDDF,1673015377
1673013550.0,EDDN,EDDF,1673015301
1673013461.0,EDDG,EDDF,1673015259
1673012353.0,LOWS,EDDF,1673015255
1673012582.0,EDDW,EDDF,1673015154
1673012591.0,LSZM,EDDF,1673015135
1673011606.0,LOWL,EDDF,1673015096
1673012064.0,EDDH,EDDF,1673015089
1673007270.0,EETN,EDDF,1673015052
1673012550.0,EBBR,EDDF,1673014968
1673008177.0,,EDDF,1673014963
1673009678.0,ENZV,EDDF,1673014909
1672990338.0,,EDDF,1673014857
1672965868.0,RKSI,EDDF,1673014724
1673012461.0,EDDP,EDDF,1673014683
1673010301.0,EKCH,EDDF,1673014648
1673009212.0,EIDW,EDDF,1673014498
1673010685.0,EPWR,EDDF,1673014463
1673010575.0,LOWW,EDDF,1673014287
1673009761.0,LIPQ,EDDF,1673014186
1672965825.0,,EDDF,1673014028
1673002357.0,,EDDF,1673013944
1673011988.0,ELLX,EDDF,1673013867
1673010952.0,EDDB,EDDF,1673013839
1673009856.0,EKCH,EDDF,1673013778
1672974455.0,KLAX,EDDF,1673013772
1673008091.0,,EDDF,1673013627
1672974310.0,,EDDF,1673013568
1673011200.0,EDDM,EDDF,1673013568
1673009868.0,EGLL,EDDF,1673013483
1673007218.0,ENBR,EDDF,1673013395
1673011020.0,EDNY,EDDF,1673013319
1673007921.0,LFBO,EDDF,1673013089
1673008984.0,EGGW,EDDF,1673012998
1673009808.0,LIML,EDDF,1673012908
1673009362.0,LIPZ,EDDF,1673012802
1673001823.0,LTFJ,EDDF,1673012609
1673009355.0,LSGG,EDDF,1673012504
1673006300.0,LEBL,EDDF,1673012369
1673005495.0,LEPA,EDDF,1673012123
1673006912.0,LHBP,EDDF,1673012006
1672974218.0,KSFO,EDDF,1673011826
1673007686.0,EGLL,EDDF,1673011575
1672923207.0,EDDF,EDDF,1673011330
1673000345.0,LTFJ,EDDF,1673011199
1673007054.0,EGLL,EDDF,1673010923
1672999575.0,LTFM,EDDF,1673010863
1672976322.0,MMMX,EDDF,1673010799
1673007064.0,LFPG,EDDF,1673010208
1672998349.0,,EDDF,1673009846
1672985618.0,KIAD,EDDF,1673009804
1673006362.0,LIML,EDDF,1673009668
1673007590.0,EDDP,EDDF,1673009603
1672979509.0,,EDDF,1673009459
1673006610.0,EHAM,EDDF,1673009020
1672997696.0,,EDDF,1673008858
1672984274.0,,EDDF,1673008788
1673000554.0,DAAG,EDDF,1673008599
1673005692.0,EHAM,EDDF,1673008588
1672972951.0,KSEA,EDDF,1673008289
1672995188.0,,EDDF,1673008256
1672986752.0,OKBK,EDDF,1673008093
1673004405.0,EGLL,EDDF,1673007949
1672985745.0,OTHH,EDDF,1673007928
,,EDDF,1673007925
1673003461.0,EGGD,EDDF,1673007732
1673004842.0,LSZH,EDDF,1673007325
1672975082.0,,EDDF,1673006895
1672994158.0,,EDDF,1673006619
1673004078.0,EDDM,EDDF,1673006248
1673003700.0,EBBR,EDDF,1673006241
1672996123.0,,EDDF,1673006136
1672995888.0,EDDF,EDDF,1673005811
1673001614.0,EGGW,EDDF,1673005759
1672982140.0,,EDDF,1673005608
1673002594.0,LFPG,EDDF,1673005483
1673002382.0,EDDB,EDDF,1673005276
1672999155.0,ENGM,EDDF,1673005119
1673000822.0,LFRS,EDDF,1673005066
1672998705.0,LRTR,EDDF,1673004922
1672999415.0,LHBP,EDDF,1673004680
1673000709.0,LIPZ,EDDF,1673004654
1673000820.0,EGLL,EDDF,1673004445
1672978449.0,CYYZ,EDDF,1673004235
1672999951.0,LOWW,EDDF,1673004192
1673001633.0,EHAM,EDDF,1673004112
1672999860.0,EGLC,EDDF,1673003905
1672998762.0,EPKK,EDDF,1673003745
1673001494.0,EDDW,EDDF,1673003654
1672998934.0,EGCC,EDDF,1673003634
1673000741.0,EDDM,EDDF,1673003633
1673002872.0,EDFG,EDDF,1673003624
1673001450.0,LSZH,EDDF,1673003603
1672999341.0,LJLJ,EDDF,1673003559
1672999462.0,EPPO,EDDF,1673003489
1672999551.0,LFHC,EDDF,1673003320
1672980030.0,KEWR,EDDF,1673003293
1672999361.0,LIMC,EDDF,1673003272
1672994186.0,LPPT,EDDF,1673003196
1672969634.0,KDEN,EDDF,1673003170
1672998938.0,,EDDF,1673003026
1673000240.0,EDDH,EDDF,1673002996
1672998861.0,EKCH,EDDF,1673002864
1672996120.0,LEBL,EDDF,1673002856
1672999354.0,LSGG,EDDF,1673002763
1673000061.0,LKPR,EDDF,1673002759
1672990822.0,BIKF,EDDF,1673002492
1672999110.0,EDDB,EDDF,1673002218
1672998510.0,EKBI,EDDF,1673002215
1672996320.0,LIRF,EDDF,1673002100
1672997365.0,LFML,EDDF,1673002094
1673000053.0,EDDN,EDDF,1673002011
1672998127.0,LIML,EDDF,1673001673
1672998978.0,EDDC,EDDF,1673001539
1672999680.0,EDDL,EDDF,1673001409
1672996655.0,,EDDF,1673000964
1672996837.0,LOWW,EDDF,1673000849
1672996567.0,LOWG,EDDF,1673000618
1672995091.0,EPWA,EDDF,1673000399
1672998001.0,EDDV,EDDF,1673000127
1672976274.0,KJFK,EDDF,1673000080
1672996806.0,LFPG,EDDF,1672999918
1672996191.0,EGLL,EDDF,1672999736
1672992022.0,LEMD,EDDF,1672999463
1672997150.0,EDDM,EDDF,1672999259
1672996320.0,EDDH,EDDF,1672999137
1672968011.0,KIAH,EDDF,1672999023
1672994749.0,EGBB,EDDF,1672998894
1672994635.0,EGLL,EDDF,1672998868
1672994114.0,EGLC,EDDF,1672998707
1672962582.0,KLAX,EDDF,1672998689
1672991519.0,LEMD,EDDF,1672998592
1672983427.0,OLBA,EDDF,1672998566
1672962308.0,KSFO,EDDF,1672998321
1672994922.0,EDDB,EDDF,1672998261
1672994371.0,EGSS,EDDF,1672998162
1672989631.0,LROP,EDDF,1672997828
1672987393.0,LTFM,EDDF,1672997669
1672994183.0,LIMC,EDDF,1672997608
1672967804.0,,EDDF,1672997459
1672952394.0,SAEZ,EDDF,1672997301
1672990668.0,LEPA,EDDF,1672997177
1672992724.0,,EDDF,1672997094
1672992832.0,LOWW,EDDF,1672997088
1672959885.0,KSFO,EDDF,1672996988
1672990714.0,,EDDF,1672996422
1672964355.0,,EDDF,1672996153
1672993800.0,EBBR,EDDF,1672996098
1672968268.0,KMCO,EDDF,1672995790
1672989413.0,EIDW,EDDF,1672995593
1672970797.0,KJFK,EDDF,1672995359
1672992093.0,LSZH,EDDF,1672995294
1672991005.0,EGLL,EDDF,1672995082
1672991751.0,LFPG,EDDF,1672995051
1672959819.0,KSEA,EDDF,1672994819
1672957509.0,,EDDF,1672994626
1672992230.0,EDDM,EDDF,1672994507
1672991220.0,EDDB,EDDF,1672994409
1672986700.0,LEMD,EDDF,1672994384
1672986068.0,LPPR,EDDF,1672994338
1672985730.0,EFHK,EDDF,1672994243
1672988889.0,EPWA,EDDF,1672994103
1672985468.0,EVRA,EDDF,1672994069
1672990579.0,EDDH,EDDF,1672994005
1672991195.0,EHAM,EDDF,1672993972
1672990871.0,EHAM,EDDF,1672993873
1672967278.0,KORD,EDDF,1672993796
1672988779.0,EGLL,EDDF,1672993701
1672970288.0,KJFK,EDDF,1672993511
,,EDDF,1672993458
1672989696.0,LIMC,EDDF,1672993365
1672987839.0,EPWA,EDDF,1672993257
1672983468.0,LGAV,EDDF,1672992989
1672989518.0,EDDV,EDDF,1672992860
1672983417.0,LPPT,EDDF,1672992820
1672984436.0,EFHK,EDDF,1672992749
1672986530.0,LYBE,EDDF,1672992659
1672959498.0,KIAH,EDDF,1672992581
1672980400.0,LTAC,EDDF,1672992446
1672977290.0,LLBG,EDDF,1672992382
1672986936.0,LIRF,EDDF,1672992269
1672989595.0,EDDM,EDDF,1672992143
1672956940.0,CYVR,EDDF,1672992118
1672984104.0,LEMD,EDDF,1672991997
1672972896.0,,EDDF,1672991900
1672986913.0,EPGD,EDDF,1672991837
1672958860.0,,EDDF,1672991816
1672987266.0,EGBB,EDDF,1672991754
1672986749.0,EGCC,EDDF,1672991726
1672960115.0,KDEN,EDDF,1672991657
1672960839.0,,EDDF,1672991608
1672988748.0,LKPR,EDDF,1672991530
1672988680.0,EHAM,EDDF,1672991478
1672985978.0,ESGG,EDDF,1672991268
1672985309.0,ENZV,EDDF,1672991243
1672985082.0,,EDDF,1672991238
1672966671.0,KIAD,EDDF,1672991181
1672988091.0,EDDB,EDDF,1672991151
1672987954.0,LFPG,EDDF,1672991078
1672984168.0,ESSA,EDDF,1672991057
1672987084.0,EGLL,EDDF,1672990972
1672987118.0,LFPG,EDDF,1672990791
1672983693.0,EYVI,EDDF,1672990648
1672967941.0,KEWR,EDDF,1672990581
1672986701.0,LFHC,EDDF,1672990552
1672982362.0,LBSF,EDDF,1672990433
1672987226.0,EDDH,EDDF,1672990018
1672979677.0,,EDDF,1672989987
1672985827.0,LOWW,EDDF,1672989959
1672984840.0,,EDDF,1672989772
1672985599.0,LIPZ,EDDF,1672989755
1672985854.0,LJLJ,EDDF,1672989700
1672983613.0,ENGM,EDDF,1672989696
1672957333.0,VIDP,EDDF,1672989502
1672984469.0,EKCH,EDDF,1672989445
1672961531.0,CYYZ,EDDF,1672989414
1672986764.0,LSZH,EDDF,1672989205
1672985478.0,,EDDF,1672989134
1672982105.0,ENBR,EDDF,1672989107
1672959171.0,,EDDF,1672988995
1672984448.0,LDZA,EDDF,1672988936
1672952097.0,VOMM,EDDF,1672988825
1672982167.0,LEBL,EDDF,1672988789
1672961530.0,KORD,EDDF,1672988753
1672984023.0,EPKT,EDDF,1672988668
1672957944.0,,EDDF,1672988519
1672981518.0,,EDDF,1672988470
1672980276.0,LROP,EDDF,1672988429
1672984809.0,LIML,EDDF,1672988369
1672984305.0,EKBI,EDDF,1672988353
1672985604.0,EDDM,EDDF,1672988308
1672983616.0,,EDDF,1672988236
1672982853.0,EIDW,EDDF,1672988159
1672984013.0,LIPE,EDDF,1672988127
1672985270.0,EBBR,EDDF,1672988068
1672982543.0,LFBO,EDDF,1672988018
1672977596.0,LTFM,EDDF,1672987909
1672975958.0,,EDDF,1672987848
1672982949.0,EPKK,EDDF,1672987796
1672957337.0,KDFW,EDDF,1672987618
1672982082.0,LHBP,EDDF,1672987587
1672972092.0,,EDDF,1672987536
1672984916.0,LSZM,EDDF,1672987348
1672975366.0,,EDDF,1672987317
1672983944.0,EDDB,EDDF,1672987288
1672983474.0,EPPO,EDDF,1672987229
1672984138.0,EDDC,EDDF,1672987214
1672935550.0,VHHH,EDDF,1672987187
1672984698.0,EDDP,EDDF,1672987045
1672978598.0,,EDDF,1672986987
1672958373.0,KMIA,EDDF,1672986893
1672983467.0,LIML,EDDF,1672986797
1672983928.0,LOWS,EDDF,1672986776
1672984494.0,EDDG,EDDF,1672986596
1672984588.0,ELLX,EDDF,1672986479
1672982232.0,LOWW,EDDF,1672986448
1672957413.0,KATL,EDDF,1672986418
1672982033.0,LIPX,EDDF,1672986355
1672963268.0,KPHL,EDDF,1672986173
1672984330.0,EDDS,EDDF,1672986084
1672970925.0,,EDDF,1672986068
1672969710.0,,EDDF,1672986044
1672926067.0,EGPF,EDDF,1672986014
1672970547.0,OLBA,EDDF,1672985995
1672983685.0,EDDL,EDDF,1672985981
1672963147.0,CYUL,EDDF,1672985752
,,EDDF,1672985736
1672981551.0,LIMF,EDDF,1672985595
1672964217.0,,EDDF,1672985488
1672959355.0,KDTW,EDDF,1672985447
1672982893.0,EDDV,EDDF,1672985338
1672982953.0,EDDW,EDDF,1672985331
1672962130.0,KEWR,EDDF,1672985165
1672932674.0,,EDDF,1672985005
1672981852.0,LOWL,EDDF,1672984975
1672960948.0,KIAD,EDDF,1672984896
1672981848.0,EDDH,EDDF,1672984707
1672979764.0,,EDDF,1672984691
1672960296.0,OMAA,EDDF,1672984546
,,EDDF,1672984403
1672924755.0,VTBS,EDDF,1672984238
1672982205.0,EDDN,EDDF,1672984130
1672957584.0,KCLT,EDDF,1672984014
1672970229.0,,EDDF,1672983897
1672960850.0,OKBK,EDDF,1672983592
1672941057.0,VTBS,EDDF,1672983535
1672959760.0,KJFK,EDDF,1672983504
1672936734.0,,EDDF,1672983417
1672960822.0,OTHH,EDDF,1672983294
1672941035.0,,EDDF,1672983088
1672967178.0,,EDDF,1672982934
1672934813.0,VHHH,EDDF,1672982699
1672950988.0,,EDDF,1672982549
1672959715.0,,EDDF,1672982458
1672937908.0,,EDDF,1672982128
1672970190.0,GMMN,EDDF,1672981286
1672954483.0,KDTW,EDDF,1672980953
1672957208.0,,EDDF,1672980898
1672928360.0,RJTT,EDDF,1672980058
1672968772.0,,EDDF,1672979825
1672968000.0,,EDDF,1672979666
1672930575.0,,EDDF,1672979537
1672968011.0,,EDDF,1672979459
1672976025.0,LFPG,EDDF,1672979339
1672972847.0,,EDDF,1672979032
1672955420.0,KBOS,EDDF,1672978828
1672972547.0,,EDDF,1672978771
1672936812.0,FACT,EDDF,1672978764
1672952320.0,KORD,EDDF,1672978599
1672930356.0,SAEZ,EDDF,1672978528
1672975774.0,EDDP,EDDF,1672978524
1672975874.0,EDDP,EDDF,1672978524
1672971455.0,EIDW,EDDF,1672978101
1672970421.0,,EDDF,1672978073
1672941682.0,FAOR,EDDF,1672978017
1672943469.0,,EDDF,1672957598
1672950467.0,EGLL,EDDF,1672954430
1672943520.0,LTFM,EDDF,1672954014
1672948689.0,EPWA,EDDF,1672953798
1672944217.0,LPPT,EDDF,1672953582
1672945784.0,LEMD,EDDF,1672953224
1672950499.0,EHAM,EDDF,1672953087
1672948373.0,LFPG,EDDF,1672951471
1672936841.0,,EDDF,1672951169
1672947234.0,LOWW,EDDF,1672951015
1672946223.0,EGLC,EDDF,1672950115
1672947434.0,EDDM,EDDF,1672949560
1672942440.0,ESSA,EDDF,1672948767
1672935376.0,LPMA,EDDF,1672948730
1672944315.0,EGLL,EDDF,1672948109
1672942561.0,ENGM,EDDF,1672948019
1672938002.0,LPFR,EDDF,1672947832
1672944263.0,EGSS,EDDF,1672947791
1672940262.0,,EDDF,1672947748
1672942569.0,ESMQ,EDDF,1672947679
1672942204.0,EIDW,EDDF,1672947592
1672941614.0,LIRF,EDDF,1672947387
1672932700.0,,EDDF,1672947153
1672942055.0,LFML,EDDF,1672946986
1672944480.0,EHAM,EDDF,1672946864
1672901558.0,MMMX,EDDF,1672946694
1672937910.0,LPPR,EDDF,1672946619
1672942074.0,EGBB,EDDF,1672946610
1672939470.0,LEPA,EDDF,1672946546
1672930775.0,LLBG,EDDF,1672946517
1672942489.0,LIPZ,EDDF,1672946488
1672941930.0,EGGD,EDDF,1672946418
1672940896.0,EPKK,EDDF,1672946369
1672942080.0,EKCH,EDDF,1672946367
1672937041.0,LPPT,EDDF,1672946360
1672939961.0,LEBL,EDDF,1672946354
1672942253.0,LOWW,EDDF,1672946331
1672942650.0,LIML,EDDF,1672946087
1672936493.0,,EDDF,1672946025
1672943050.0,EBBR,EDDF,1672946006
1672942381.0,LSGG,EDDF,1672945915
1672923016.0,OTHH,EDDF,1672945885
1672931550.0,,EDDF,1672945846
1672921742.0,,EDDF,1672945717
1672937664.0,LBSF,EDDF,1672945707
1672941518.0,LOWG,EDDF,1672945642
1672942890.0,LSZH,EDDF,1672945467
1672933506.0,BIKF,EDDF,1672945461
1672941603.0,EGLL,EDDF,1672945421
1672941664.0,EGLC,EDDF,1672945298
1672942719.0,EDDB,EDDF,1672945254
1672942549.0,LKPR,EDDF,1672944959
1672941976.0,LFPG,EDDF,1672944824
1672940264.0,LFRS,EDDF,1672944679
1672941953.0,EDDM,EDDF,1672944659
1672941836.0,EDDH,EDDF,1672944525
1672942140.0,EHAM,EDDF,1672944485
1672940659.0,LIMC,EDDF,1672944358
1672894534.0,,EDDF,1672944284
1672887406.0,VTBS,EDDF,1672944040
1672936766.0,EETN,EDDF,1672943873
1672941096.0,EDDB,EDDF,1672943716
1672929900.0,,EDDF,1672943388
1672939662.0,EKCH,EDDF,1672943272
1672935620.0,LEMD,EDDF,1672943202
1672940676.0,LSZH,EDDF,1672943140
1672931314.0,,EDDF,1672943103
1672938541.0,LDZL,EDDF,1672943055
1672939620.0,LSGG,EDDF,1672942909
1672938902.0,EGLC,EDDF,1672942499
1672939696.0,EHRD,EDDF,1672942430
1672930548.0,,EDDF,1672942376
1672899130.0,VTBS,EDDF,1672942326
1672938714.0,LFPG,EDDF,1672942249
1672892098.0,RJTT,EDDF,1672942065
1672926960.0,LLBG,EDDF,1672941957
1672939325.0,EBMB,EDDF,1672941550
1672934760.0,LEBL,EDDF,1672941488
1672937944.0,LIML,EDDF,1672941354
1672924324.0,,EDDF,1672941322
1672938471.0,EDDH,EDDF,1672941231
1672938699.0,EDDM,EDDF,1672941077
1672935846.0,EIDW,EDDF,1672941073
1672937914.0,EDDB,EDDF,1672940963
1672933620.0,EVRA,EDDF,1672940845
1672932340.0,LEMD,EDDF,1672940772
1672937344.0,LFPG,EDDF,1672940628
1672925523.0,,EDDF,1672940514
1672936790.0,EGLL,EDDF,1672940458
1672909618.0,VIDP,EDDF,1672940383
1672934989.0,EPWA,EDDF,1672940324
1672932526.0,LEMD,EDDF,1672940143
1672898312.0,,EDDF,1672940085
1672933735.0,,EDDF,1672939975
1672937333.0,EHAM,EDDF,1672939834
1672933802.0,,EDDF,1672939799
1672934090.0,ENGM,EDDF,1672939787
1672929053.0,,EDDF,1672939656
1672935572.0,LOWW,EDDF,1672939611
1672933451.0,ESSA,EDDF,1672939497
1672909066.0,VIDP,EDDF,1672939248
1672929030.0,,EDDF,1672939128
1672935150.0,EGLL,EDDF,1672938916
1672924561.0,,EDDF,1672938704
1672934694.0,LOWW,EDDF,1672938621
1672934849.0,EPWR,EDDF,1672938420
1672902858.0,EDDF,EDDF,1672938351
1672926064.0,,EDDF,1672938022
1672926601.0,,EDDF,1672937837
1672932424.0,LFMD,EDDF,1672937729
1672933856.0,EGLL,EDDF,1672937565
1672887701.0,,EDDF,1672937366
1672911720.0,,EDDF,1672937123
1672928403.0,LGTS,EDDF,1672937001
1672927710.0,,EDDF,1672936877
1672932096.0,EGCC,EDDF,1672936769
1672924823.0,,EDDF,1672936462
1672921547.0,,EDDF,1672936319
1672928621.0,LEMD,EDDF,1672936189
1672926069.0,LPPT,EDDF,1672935620
1672893256.0,ZGSZ,EDDF,1672935488
1672932592.0,EDDM,EDDF,1672934846
1672931948.0,EHAM,EDDF,1672934457
1672883934.0,RJTT,EDDF,1672934273
1672883827.0,RJAA,EDDF,1672934087
1672930146.0,EGLC,EDDF,1672933959
1672930660.0,LFPG,EDDF,1672933844
1672889853.0,,EDDF,1672933661
1672917932.0,LLBG,EDDF,1672933551
1672921881.0,GMMN,EDDF,1672933525
1672924595.0,LMML,EDDF,1672933348
1672922850.0,LTFM,EDDF,1672933224
1672923624.0,LEZL,EDDF,1672932970
1672924755.0,LBSF,EDDF,1672932843
1672923577.0,LPPT,EDDF,1672932829
1672928460.0,EGBB,EDDF,1672932794
1672894912.0,SKBO,EDDF,1672932734
1672925976.0,EVRA,EDDF,1672932607
1672928178.0,LOWW,EDDF,1672932506
1672925773.0,LIBD,EDDF,1672932401
1672922833.0,LGAV,EDDF,1672932209
1672921996.0,LPFR,EDDF,1672932144
1672924383.0,LEMD,EDDF,1672932025
1672927890.0,LFLL,EDDF,1672931939
1672926690.0,EPWA,EDDF,1672931890
1672926671.0,,EDDF,1672931759
1672927626.0,LIPZ,EDDF,1672931639
1672923824.0,,EDDF,1672931525
1672926270.0,LHBP,EDDF,1672931444
1672927143.0,LIPE,EDDF,1672931380
1672923451.0,LROP,EDDF,1672931253
1672880003.0,RKSI,EDDF,1672931183
1672927399.0,LIML,EDDF,1672931180
1672902966.0,,EDDF,1672931065
1672927127.0,LOWG,EDDF,1672931030
1672925376.0,LIRF,EDDF,1672931008
1672922763.0,LPPR,EDDF,1672931005
1672926330.0,LDZL,EDDF,1672930939
1672926323.0,,EDDF,1672930844
1672927022.0,EGLL,EDDF,1672930831
1672928028.0,EDDH,EDDF,1672930749
1672925900.0,,EDDF,1672930587
1672928056.0,LKPR,EDDF,1672930580
1672907033.0,,EDDF,1672930558
1672926032.0,LIPQ,EDDF,1672930447
1672924371.0,ESSA,EDDF,1672930376
1672927173.0,LFPG,EDDF,1672930364
1672927886.0,EDDM,EDDF,1672930273
1672925752.0,EPGD,EDDF,1672930257
1672926397.0,LIPX,EDDF,1672930071
1672927726.0,EHAM,EDDF,1672930057
1672924211.0,,EDDF,1672929959
1672921411.0,,EDDF,1672929948
1672923982.0,LYBE,EDDF,1672929865
1672924084.0,ENGM,EDDF,1672929801
1672925276.0,ESGG,EDDF,1672929795
1672927800.0,EDDV,EDDF,1672929759
1672926330.0,LIMC,EDDF,1672929556
1672926529.0,EDDB,EDDF,1672929475
1672925482.0,LIMF,EDDF,1672929404
1672923931.0,EGPH,EDDF,1672929329
1672924831.0,EPKT,EDDF,1672929321
1672925373.0,EGGW,EDDF,1672929139
1672926736.0,EBBR,EDDF,1672929026
1672926306.0,LSZH,EDDF,1672929015
1672921130.0,EFHK,EDDF,1672928964
1672926851.0,EDDW,EDDF,1672928937
1672925591.0,LOWI,EDDF,1672928819
1672925343.0,EKBI,EDDF,1672928811
1672925580.0,LOWL,EDDF,1672928694
1672926151.0,LSZM,EDDF,1672928578
1672924448.0,LOWW,EDDF,1672928523
1672925433.0,LOWS,EDDF,1672928386
1672891324.0,KLAX,EDDF,1672928268
1672924620.0,,EDDF,1672928189
1672926369.0,EDDS,EDDF,1672928097
1672926367.0,EDDG,EDDF,1672928092
1672922782.0,EGPF,EDDF,1672927977
1672925881.0,ELLX,EDDF,1672927906
1672925502.0,EDDP,EDDF,1672927796
1672923818.0,EKCH,EDDF,1672927612
1672923186.0,LIPZ,EDDF,1672927516
1672921680.0,EIDW,EDDF,1672927407
1672920836.0,LEBL,EDDF,1672927405
1672885961.0,SBMT,EDDF,1672927308
1672923330.0,LIML,EDDF,1672927177
1672925212.0,EDFW,EDDF,1672927137
1672920967.0,,EDDF,1672927017
1672925297.0,EDDN,EDDF,1672926910
1672924590.0,EDDM,EDDF,1672926779
1672920870.0,LFBO,EDDF,1672926380
1672923022.0,LSGG,EDDF,1672926266
1672923499.0,EDDH,EDDF,1672926075
1672920348.0,LHBP,EDDF,1672925785
1672888226.0,KSFO,EDDF,1672925518
1672922580.0,EDDB,EDDF,1672925212
1672891710.0,MMMX,EDDF,1672925039
1672878643.0,,EDDF,1672924949
1672919830.0,EPKK,EDDF,1672924916
1672920571.0,LIML,EDDF,1672924739
1672921884.0,EHAM,EDDF,1672924438
1672912309.0,,EDDF,1672924319
1672920816.0,EGLL,EDDF,1672924203
1672913494.0,LTFM,EDDF,1672923896
1672911930.0,,EDDF,1672923804
1672916293.0,LEPA,EDDF,1672923653
1672910982.0,,EDDF,1672923051
1672898478.0,OMDW,EDDF,1672922965
1672899367.0,,EDDF,1672922720
1672916940.0,,EDDF,1672922658
1672908890.0,LPMA,EDDF,1672922557
1672916976.0,ESGG,EDDF,1672922123
1672910897.0,LTFJ,EDDF,1672921677
1672918952.0,EHAM,EDDF,1672921559
1672905990.0,,EDDF,1672921438
1672917041.0,EGLL,EDDF,1672921377
1672917930.0,LSZH,EDDF,1672921288
1672906295.0,,EDDF,1672921258
1672910026.0,LTFJ,EDDF,1672920924
1672896532.0,,EDDF,1672920766
1672897457.0,,EDDF,1672920652
1672917000.0,EGLC,EDDF,1672920592
1672909582.0,,EDDF,1672920293
1672898040.0,OTHH,EDDF,1672920089
1672917789.0,EDDM,EDDF,1672919969
1672915915.0,EGGW,EDDF,1672919682
1672917044.0,EBBR,EDDF,1672919572
1672913808.0,,EDDF,1672919519
1672916949.0,EDDB,EDDF,1672919488
1672907690.0,,EDDF,1672919337
1672891740.0,KATL,EDDF,1672919071
1672891242.0,CYYZ,EDDF,1672918719
1672913973.0,LOWW,EDDF,1672918407
1672915590.0,EDDM,EDDF,1672917973
1672914253.0,LIMC,EDDF,1672917716
1672914235.0,LFPG,EDDF,1672917657
1672915081.0,LSZH,EDDF,1672917598
1672886430.0,,EDDF,1672917539
1672913531.0,EKBI,EDDF,1672917526
1672907736.0,LPPT,EDDF,1672917428
1672913231.0,LFHC,EDDF,1672917339
1672913962.0,EDDH,EDDF,1672917203
1672886741.0,KIAH,EDDF,1672916991
1672915573.0,EDGF,EDDF,1672916868
1672913223.0,LSGG,EDDF,1672916819
1672912683.0,EGLL,EDDF,1672916819
1672912540.0,LJLJ,EDDF,1672916622
1672911190.0,LFBD,EDDF,1672916517
1672911859.0,EGCC,EDDF,1672916485
1672909748.0,LEBL,EDDF,1672916333
1672914246.0,ELLX,EDDF,1672916159
1672913478.0,EDDH,EDDF,1672916077
1672892100.0,KIAD,EDDF,1672915934
1672912325.0,LIML,EDDF,1672915796
1672913558.0,EDDL,EDDF,1672915735
1672910052.0,LIRF,EDDF,1672915686
1672908901.0,,EDDF,1672915616
1672911204.0,LOWG,EDDF,1672915616
1672913174.0,EHAM,EDDF,1672915589
1672912770.0,EDDC,EDDF,1672915485
1672879198.0,KLAX,EDDF,1672915408
1672904037.0,BIKF,EDDF,1672915287
1672910649.0,,EDDF,1672915199
1672890992.0,CYYZ,EDDF,1672915107
1672913294.0,ETAR,EDDF,1672915070
1672911243.0,EKCH,EDDF,1672915015
1672912132.0,LOWI,EDDF,1672914958
1672912076.0,EDDB,EDDF,1672914920
1672912608.0,EDDW,EDDF,1672914844
1672912695.0,EDNY,EDDF,1672914839
1672911736.0,LOWS,EDDF,1672914741
1672910312.0,,EDDF,1672914706
1672910265.0,LIPE,EDDF,1672914619
1672899074.0,LLBG,EDDF,1672914509
1672886079.0,KMCO,EDDF,1672914407
1672881494.0,KDEN,EDDF,1672914290
1672912291.0,EDDP,EDDF,1672914278
1672910950.0,EDDH,EDDF,1672914202
1672911296.0,LKPR,EDDF,1672914128
1672912414.0,EDDS,EDDF,1672914029
1672912103.0,EDDV,EDDF,1672914026
1672911977.0,EDDV,EDDF,1672913871
1672911691.0,EDDN,EDDF,1672913546
1672905530.0,LEMD,EDDF,1672913422
1672908166.0,EPWA,EDDF,1672913361
1672909020.0,LOWW,EDDF,1672913077
1672909908.0,LFPG,EDDF,1672912907
1672887879.0,KEWR,EDDF,1672912784
1672908349.0,EGLL,EDDF,1672912186
1672908074.0,LZIB,EDDF,1672911964
1672908850.0,EDDB,EDDF,1672911953
1672896713.0,OLBA,EDDF,1672911717
1672877584.0,MMUN,EDDF,1672911717
1672880413.0,CYYC,EDDF,1672911684
1672901796.0,LGAV,EDDF,1672911446
1672906569.0,LOWW,EDDF,1672911354
1672906386.0,LDZA,EDDF,1672911089
1672907167.0,EGLC,EDDF,1672911055
1672902642.0,LROP,EDDF,1672910909
1672875047.0,KSFO,EDDF,1672910729
1672881101.0,KTPA,EDDF,1672910723
1672829843.0,EDDF,EDDF,1672910678
1672879481.0,,EDDF,1672910540
1672884796.0,KAKH,EDDF,1672910398
1672870999.0,SBMT,EDDF,1672910036
1672899309.0,LTFM,EDDF,1672909517
1672876537.0,MMUN,EDDF,1672909347
1672900701.0,LEMD,EDDF,1672909139
1672881906.0,KORD,EDDF,1672908714
1672906320.0,EDDM,EDDF,1672908659
1672903288.0,EPWA,EDDF,1672908584
1672905571.0,EDDB,EDDF,1672908536
1672902839.0,EIDW,EDDF,1672908236
1672904328.0,EGLL,EDDF,1672908045
1672899396.0,LPPR,EDDF,1672907959
1672871437.0,KSFO,EDDF,1672907811
1672904635.0,LFPG,EDDF,1672907690
1672904316.0,EDDH,EDDF,1672907649
1672899263.0,EFHK,EDDF,1672907576
1672903927.0,LFPB,EDDF,1672907483
1672904810.0,EHAM,EDDF,1672907468
1672900414.0,EVRA,EDDF,1672907338
1672903188.0,EGLL,EDDF,1672907332
1672874147.0,KAUS,EDDF,1672907230
1672883464.0,KJFK,EDDF,1672907117
1672904282.0,EHAM,EDDF,1672906909
1672902787.0,LIMC,EDDF,1672906739
1672875213.0,MDSI,EDDF,1672906737
1672891693.0,LLBG,EDDF,1672906649
1672875594.0,KDEN,EDDF,1672906584
1672902702.0,EGLC,EDDF,1672906499
1672899668.0,LYBE,EDDF,1672906257
1672878593.0,KATL,EDDF,1672906127
1672896592.0,LPPT,EDDF,1672905985
1672874073.0,KIAH,EDDF,1672905806
1672893404.0,LTAC,EDDF,1672905651
1672895590.0,LGAV,EDDF,1672905616
1672871886.0,,EDDF,1672905508
1672900578.0,EGCC,EDDF,1672905499
1672902533.0,LSZB,EDDF,1672905389
1672882328.0,KEWR,EDDF,1672905232
1672902574.0,EDDM,EDDF,1672905197
1672897052.0,,EDDF,1672905106
1672898303.0,,EDDF,1672905083
1672896671.0,EFHK,EDDF,1672905073
1672899243.0,EGPF,EDDF,1672904988
1672899066.0,EPWA,EDDF,1672904985
1672901320.0,LKPR,EDDF,1672904858
1672872940.0,KDFW,EDDF,1672904843
1672899783.0,EGPH,EDDF,1672904777
1672900698.0,EGLL,EDDF,1672904578
1672901314.0,LFPG,EDDF,1672904459
1672897723.0,ESSA,EDDF,1672904421
1672901412.0,EDDB,EDDF,1672904365
1672896157.0,LBSF,EDDF,1672904334
1672899807.0,LIML,EDDF,1672904308
1672896413.0,LEMD,EDDF,1672904275
1672901767.0,EHAM,EDDF,1672904270
1672897842.0,LDZA,EDDF,1672904093
1672899693.0,LOWW,EDDF,1672904067
1672900483.0,LSGG,EDDF,1672904052
1672897882.0,ENGM,EDDF,1672903944
1672898995.0,ESGG,EDDF,1672903840
1672899606.0,LFLL,EDDF,1672903825
1672892259.0,,EDDF,1672903582
1672898783.0,EPGD,EDDF,1672903573
1672899495.0,LIPZ,EDDF,1672903433
1672871345.0,KDFW,EDDF,1672903430
1672895724.0,,EDDF,1672903363
1672899333.0,EGBB,EDDF,1672903310
1672872160.0,VIDP,EDDF,1672903114
1672896499.0,LEBL,EDDF,1672902955
1672898030.0,LIPE,EDDF,1672902928
1672824680.0,EDDF,EDDF,1672902846
1672898218.0,,EDDF,1672902795
1672897824.0,LIPQ,EDDF,1672902745
1672899637.0,LSZH,EDDF,1672902740
1672896455.0,ENBR,EDDF,1672902593
1672898583.0,LJLJ,EDDF,1672902567
1672896581.0,LFBO,EDDF,1672902476
1672897713.0,EPKT,EDDF,1672902437
1672878500.0,KIAD,EDDF,1672902389
1672898265.0,EPWR,EDDF,1672902144
1672873555.0,KSTL,EDDF,1672902087
1672893663.0,LROP,EDDF,1672901954
1672875175.0,KDTW,EDDF,1672901938
1672899215.0,EDDM,EDDF,1672901929
1672896743.0,EPKK,EDDF,1672901893
1672896135.0,EIDW,EDDF,1672901804
1672890343.0,,EDDF,1672901720
1672897465.0,EKBI,EDDF,1672901638
1672877109.0,KPHL,EDDF,1672901579
1672878367.0,OMDW,EDDF,1672901433
1672898502.0,LSZM,EDDF,1672901398
1672890988.0,LTFM,EDDF,1672901275
1672896553.0,,EDDF,1672901243
1672872655.0,KATL,EDDF,1672901106
1672897156.0,EKCH,EDDF,1672901059
1672898596.0,EBBR,EDDF,1672901009
1672893101.0,EETN,EDDF,1672900976
1672897264.0,LIML,EDDF,1672900916
1672875607.0,CYYZ,EDDF,1672900859
1672895546.0,LHBP,EDDF,1672900798
1672898428.0,ELLX,EDDF,1672900703
1672876739.0,KEWR,EDDF,1672900612
1672897162.0,EDDB,EDDF,1672900611
1672871338.0,KMIA,EDDF,1672900578
1672895745.0,LOWG,EDDF,1672900495
1672896389.0,LOWW,EDDF,1672900363
1672888020.0,,EDDF,1672900167
1672890481.0,,EDDF,1672900137
1672876489.0,,EDDF,1672900079
1672896172.0,LIPX,EDDF,1672899984
1672848640.0,VHHH,EDDF,1672899919
1672893315.0,,EDDF,1672899886
1672885355.0,,EDDF,1672899798
1672895846.0,LIMF,EDDF,1672899705
1672896743.0,EDDC,EDDF,1672899609
1672897789.0,EDDS,EDDF,1672899496
1672896431.0,EDDW,EDDF,1672899201
1672893412.0,,EDDF,1672899178
1672895505.0,EDDH,EDDF,1672898995
1672896801.0,EDDV,EDDF,1672898903
1672895080.0,LOWL,EDDF,1672898549
1672872695.0,KDTW,EDDF,1672898482
1672852103.0,,EDDF,1672898471
1672854875.0,,EDDF,1672898388
1672885321.0,,EDDF,1672898353
1672896491.0,EDDL,EDDF,1672898217
1672882515.0,OLBA,EDDF,1672898003
1672875428.0,CYUL,EDDF,1672897769
1672886368.0,,EDDF,1672897696
1672849748.0,VHHH,EDDF,1672897581
1672895734.0,EDDN,EDDF,1672897438
1672843841.0,,EDDF,1672896502
1672873669.0,,EDDF,1672896438
1672872019.0,KIAD,EDDF,1672896382
1672880830.0,,EDDF,1672896356
1672874095.0,OTHH,EDDF,1672896177
1672854310.0,,EDDF,1672895697
1672883197.0,,EDDF,1672895106
1672852715.0,VTBS,EDDF,1672894998
1672850318.0,,EDDF,1672894857
1672888421.0,,EDDF,1672894525
1672869983.0,,EDDF,1672894072
1672891063.0,EDDP,EDDF,1672893626
1672889921.0,LFPG,EDDF,1672893172
1672881527.0,,EDDF,1672893025
1672881457.0,,EDDF,1672892999
1672869273.0,,EDDF,1672892840
1672855413.0,FAOR,EDDF,1672892427
1672889114.0,EDDP,EDDF,1672892422
1672868502.0,KJFK,EDDF,1672892357
1672865693.0,KORD,EDDF,1672892005
1672840566.0,RJTT,EDDF,1672891883
1672881463.0,LTFM,EDDF,1672891827
1672866674.0,KBOS,EDDF,1672891520
1672885277.0,EIDW,EDDF,1672891448
1672855794.0,,EDDF,1672869135
1672845006.0,OMDW,EDDF,1672868755
1672861870.0,EPWA,EDDF,1672868373
1672858846.0,LPPT,EDDF,1672868347
1672859585.0,LEMD,EDDF,1672867228
1672863697.0,LFPG,EDDF,1672867050
1672856618.0,LTFM,EDDF,1672866762
1672864253.0,EHAM,EDDF,1672866635
1672862200.0,EGLL,EDDF,1672865714
1672857793.0,EYVI,EDDF,1672865103
1672859169.0,ENGM,EDDF,1672864884
1672860310.0,LOWW,EDDF,1672864494
1672860457.0,,EDDF,1672864299
1672861938.0,EDDM,EDDF,1672864119
1672856749.0,LIRF,EDDF,1672862397
1672859295.0,EDDM,EDDF,1672861728
1672857857.0,EGLL,EDDF,1672861706
1672856827.0,EGCC,EDDF,1672861679
1672857600.0,EGSS,EDDF,1672861505
1672856117.0,EIDW,EDDF,1672861406
1672846201.0,,EDDF,1672861164
1672853551.0,LEBL,EDDF,1672861078
1672857180.0,LIML,EDDF,1672861060
1672856164.0,LOWW,EDDF,1672860877
1672846053.0,LLBG,EDDF,1672860777
1672851214.0,LPPT,EDDF,1672860642
1672856780.0,LFPG,EDDF,1672860562
1672849291.0,,EDDF,1672860522
1672855517.0,ESGG,EDDF,1672860474
1672850612.0,LTFM,EDDF,1672860417
1672857503.0,EHAM,EDDF,1672860372
1672855120.0,LFML,EDDF,1672860238
1672852573.0,LEPA,EDDF,1672860237
1672855817.0,LSGG,EDDF,1672859993
1672848427.0,,EDDF,1672859666
1672856731.0,EBBR,EDDF,1672859652
1672854645.0,EGLL,EDDF,1672859322
1672849055.0,LGAV,EDDF,1672859241
1672854110.0,EPKK,EDDF,1672859087
1672849386.0,LEMG,EDDF,1672858989
1672850435.0,LPPR,EDDF,1672858949
1672855160.0,EKBI,EDDF,1672858840
1672855833.0,LSZH,EDDF,1672858826
1672855851.0,EDDH,EDDF,1672858738
1672855802.0,LOWS,EDDF,1672858630
1672843670.0,,EDDF,1672858619
1672852054.0,ENGM,EDDF,1672858613
1672855462.0,LFPG,EDDF,1672858513
1672852639.0,,EDDF,1672858507
1672854783.0,EGLC,EDDF,1672858409
1672855856.0,EDDM,EDDF,1672858282
1672849992.0,LBSF,EDDF,1672858196
1672855336.0,LOWI,EDDF,1672858190
1672848311.0,,EDDF,1672858162
1672855142.0,EDDB,EDDF,1672858079
1672849895.0,EFHK,EDDF,1672857957
1672844010.0,LPMA,EDDF,1672857917
1672853803.0,EKCH,EDDF,1672857912
1672854933.0,LKPR,EDDF,1672857908
1672852175.0,EIDW,EDDF,1672857890
1672854247.0,EGLL,EDDF,1672857742
1672849478.0,EETN,EDDF,1672857678
1672854132.0,LIMC,EDDF,1672857667
1672855244.0,EHAM,EDDF,1672857608
1672850506.0,LYBE,EDDF,1672857557
1672834928.0,,EDDF,1672857527
1672850672.0,,EDDF,1672857349
1672843584.0,,EDDF,1672857256
1672849282.0,LEMD,EDDF,1672857116
1672852179.0,LDZL,EDDF,1672856999
1672853490.0,LSGG,EDDF,1672856789
1672848934.0,LEMD,EDDF,1672856634
1672841044.0,,EDDF,1672856564
1672853371.0,EDNY,EDDF,1672856386
1672813716.0,VTBS,EDDF,1672856034
1672853351.0,EBBR,EDDF,1672855991
1672805450.0,RJTT,EDDF,1672855821
1672817964.0,EDDF,EDDF,1672855787
1672851706.0,LIML,EDDF,1672855597
1672852242.0,EDDH,EDDF,1672855559
1672846603.0,LROP,EDDF,1672855399
1672847163.0,LEMD,EDDF,1672855300
1672852703.0,EDDM,EDDF,1672855256
1672847886.0,LEBL,EDDF,1672855057
1672851171.0,EGLL,EDDF,1672854979
1672851665.0,EDDB,EDDF,1672854912
1672851137.0,LIML,EDDF,1672854822
1672848857.0,EPWA,EDDF,1672854692
1672850790.0,EGLL,EDDF,1672854653
1672851245.0,LFPG,EDDF,1672854504
1672851679.0,EHAM,EDDF,1672854357
1672845225.0,EFHK,EDDF,1672854268
1672838910.0,,EDDF,1672854164
1672847600.0,ESSA,EDDF,1672854142
1672806077.0,RKSI,EDDF,1672853851
1672817336.0,EDDF,EDDF,1672853620
1672805850.0,,EDDF,1672853439
1672849160.0,LOWW,EDDF,1672853248
1672831382.0,,EDDF,1672852858
1672830892.0,OTHH,EDDF,1672852729
1672849833.0,EDDB,EDDF,1672852518
1672837490.0,,EDDF,1672852266
1672846291.0,LIRF,EDDF,1672851807
1672839860.0,,EDDF,1672851628
1672847620.0,EGLL,EDDF,1672851569
1672820960.0,VIDP,EDDF,1672851444
1672827325.0,,EDDF,1672851409
1672845962.0,EGCC,EDDF,1672851059
1672838976.0,,EDDF,1672851053
1672842152.0,LEMD,EDDF,1672850518
1672841216.0,LEPA,EDDF,1672850509
1672797489.0,RJTT,EDDF,1672850249
1672828372.0,OTHH,EDDF,1672849916
1672842126.0,,EDDF,1672849676
1672837621.0,,EDDF,1672849559
1672803088.0,,EDDF,1672849372
1672836682.0,,EDDF,1672849163
1672846245.0,EHAM,EDDF,1672849071
1672842195.0,ENGM,EDDF,1672848654
1672820138.0,,EDDF,1672848498
1672845821.0,EDDM,EDDF,1672848469
1672837621.0,,EDDF,1672848338
1672844790.0,LFPG,EDDF,1672848239
1672842380.0,EPWA,EDDF,1672848148
1672843933.0,EGLL,EDDF,1672847958
1672831810.0,,EDDF,1672847938
1672843746.0,LFHC,EDDF,1672847841
1672843741.0,EGLC,EDDF,1672847747
1672835137.0,GMMN,EDDF,1672847549
1672837826.0,LPPT,EDDF,1672847423
1672797236.0,RJAA,EDDF,1672847279
1672834980.0,LTAC,EDDF,1672847172
1672836814.0,,EDDF,1672847156
1672837894.0,LMML,EDDF,1672847128
1672835080.0,,EDDF,1672847019
1672842457.0,EPPO,EDDF,1672846842
1672842454.0,LOWG,EDDF,1672846558
1672841269.0,LHBP,EDDF,1672846516
1672844469.0,EDDR,EDDF,1672846261
1672836961.0,LPPT,EDDF,1672846129
1672841730.0,LOWW,EDDF,1672846019
1672840634.0,,EDDF,1672846008
1672840657.0,,EDDF,1672845804
1672797230.0,,EDDF,1672845779
1672843155.0,LKPR,EDDF,1672845748
1672841485.0,EGBB,EDDF,1672845689
1672839319.0,LEBL,EDDF,1672845655
1672841552.0,LIPZ,EDDF,1672845592
1672837273.0,LBSF,EDDF,1672845562
1672837683.0,LEMD,EDDF,1672845553
1672841105.0,,EDDF,1672845459
1672840637.0,LDZL,EDDF,1672845328
1672838088.0,,EDDF,1672845269
1672838293.0,ESSA,EDDF,1672845136
1672842757.0,EDDM,EDDF,1672845085
1672839918.0,EPGD,EDDF,1672844943
1672840491.0,LIPE,EDDF,1672844927
1672841893.0,LFPG,EDDF,1672844833
1672841191.0,LIML,EDDF,1672844784
1672830491.0,,EDDF,1672844719
1672840966.0,LIMC,EDDF,1672844669
1672834908.0,LGAV,EDDF,1672844636
1672837133.0,LROP,EDDF,1672844621
1672841340.0,EDDH,EDDF,1672844398
1672842435.0,EDDV,EDDF,1672844394
1672835349.0,DAAG,EDDF,1672844277
1672841149.0,EHAM,EDDF,1672844249
1672840175.0,LOWL,EDDF,1672844188
1672839905.0,EKCH,EDDF,1672843873
1672835317.0,,EDDF,1672843834
1672839262.0,EPKT,EDDF,1672843763
1672815502.0,,EDDF,1672843685
1672839343.0,,EDDF,1672843583
1672793742.0,RKSI,EDDF,1672843559
1672840624.0,LSZH,EDDF,1672843499
1672839360.0,LIPX,EDDF,1672843433
1672839391.0,LIMF,EDDF,1672843308
1672831536.0,EDDF,EDDF,1672843287
1672837321.0,LIRF,EDDF,1672843168
1672836550.0,,EDDF,1672843136
1672839963.0,EDDB,EDDF,1672843075
1672834922.0,,EDDF,1672843045
1672837596.0,EGPH,EDDF,1672842836
1672836123.0,LYBE,EDDF,1672842808
1672838675.0,EPWR,EDDF,1672842771
1672840815.0,ELLX,EDDF,1672842749
1672837013.0,LFBO,EDDF,1672842687
1672839521.0,LOWI,EDDF,1672842671
1672840301.0,EBBR,EDDF,1672842657
1672834101.0,EETN,EDDF,1672842593
1672840507.0,EDDS,EDDF,1672842563
1672840596.0,EDDL,EDDF,1672842538
1672840386.0,EDDN,EDDF,1672842465
1672840285.0,EDDG,EDDF,1672842373
1672837804.0,LIPQ,EDDF,1672842328
1672807747.0,MMMX,EDDF,1672842209
1672839547.0,EDDW,EDDF,1672842174
1672839550.0,LSZM,EDDF,1672842139
1672839244.0,LOWS,EDDF,1672842086
1672837921.0,LOWW,EDDF,1672842015
1672836292.0,EGPF,EDDF,1672841903
1672838880.0,EDDC,EDDF,1672841785
,,EDDF,1672841754
1672839090.0,EDDP,EDDF,1672841648
1672836813.0,LIPZ,EDDF,1672841575
1672802104.0,FAOR,EDDF,1672841537
1672836981.0,EKCH,EDDF,1672841503
1672836009.0,EIDW,EDDF,1672841320
1672793166.0,RKSI,EDDF,1672841146
1672838151.0,EDDM,EDDF,1672840978
1672809242.0,,EDDF,1672840974
1672836780.0,LIML,EDDF,1672840701
1672837362.0,EDDB,EDDF,1672840560
1672833849.0,,EDDF,1672840497
1672837444.0,EDDH,EDDF,1672840407
1672834434.0,ENZV,EDDF,1672840235
1672833863.0,ENBR,EDDF,1672840169
1672829345.0,LTFJ,EDDF,1672840136
1672800111.0,,EDDF,1672840127
1672802103.0,KSFO,EDDF,1672840003
1672836401.0,LSGG,EDDF,1672839756
1672835883.0,EGLL,EDDF,1672839479
1672835300.0,EKCH,EDDF,1672839296
1672826975.0,,EDDF,1672838997
1672834478.0,LIML,EDDF,1672838695
1672834533.0,EGLL,EDDF,1672838219
1672745124.0,,EDDF,1672837768
1672829316.0,LEPA,EDDF,1672837126
1672827033.0,LTFM,EDDF,1672837045
1672822128.0,,EDDF,1672836473
1672832520.0,EGLL,EDDF,1672836059
1672833577.0,EHAM,EDDF,1672835909
1672830450.0,ESGG,EDDF,1672835875
1672832760.0,LSZH,EDDF,1672835485
1672808343.0,,EDDF,1672835248
1672830830.0,LFRN,EDDF,1672835113
1672811527.0,OERK,EDDF,1672835095
1672825843.0,DAAG,EDDF,1672834289
1672830842.0,LKPR,EDDF,1672833861
1672826082.0,LBSF,EDDF,1672833740
1672823648.0,,EDDF,1672833686
1672831147.0,EDDM,EDDF,1672833595
1672827361.0,,EDDF,1672833503
1672804744.0,KATL,EDDF,1672833419
1672795669.0,MPTO,EDDF,1672833326
1672829256.0,EGLC,EDDF,1672833290
1672832457.0,EDDF,EDDF,1672833179
1672822901.0,,EDDF,1672833146
1672811715.0,OTHH,EDDF,1672832906
1672832142.0,EDDF,EDDF,1672832817
1672821180.0,,EDDF,1672832806
1672830303.0,EBBR,EDDF,1672832487
1672810312.0,,EDDF,1672832306
1672829103.0,EDDB,EDDF,1672832278
1672829490.0,EHAM,EDDF,1672832181
1672822245.0,LPPT,EDDF,1672832050
1672826804.0,LHBP,EDDF,1672832037
1672811789.0,OKBK,EDDF,1672831854
1672828645.0,LFPG,EDDF,1672831722
1672828084.0,EGLL,EDDF,1672831561
1672800311.0,KDEN,EDDF,1672831379
1672797642.0,MMUN,EDDF,1672831284
1672827191.0,LOWW,EDDF,1672831137
1672826959.0,LOWW,EDDF,1672831042
1672830277.0,EDDF,EDDF,1672831013
1672827485.0,EDDM,EDDF,1672830935
1672826913.0,LJLJ,EDDF,1672830917
1672827172.0,LIMC,EDDF,1672830738
1672825803.0,EPKK,EDDF,1672830710
1672827035.0,LSGG,EDDF,1672830597
1672805559.0,CYYZ,EDDF,1672830386
1672825773.0,LIPZ,EDDF,1672830325
1672823222.0,LEBL,EDDF,1672830260
1672825027.0,EGCC,EDDF,1672830237
1672827309.0,EDDH,EDDF,1672830131
1672827742.0,LSZH,EDDF,1672830043
1672826241.0,EKBI,EDDF,1672829966
1672825924.0,EKCH,EDDF,1672829854
1672817881.0,BIKF,EDDF,1672829573
1672824422.0,EIDW,EDDF,1672829542
1672826467.0,EDDH,EDDF,1672829519
1672813964.0,LLBG,EDDF,1672829425
1672804634.0,KIAD,EDDF,1672829425
1672825923.0,LIML,EDDF,1672829392
1672824895.0,EGLL,EDDF,1672829249
1672824991.0,EGGP,EDDF,1672829214
1672826106.0,EDDB,EDDF,1672829129
1672827182.0,EDDL,EDDF,1672828976
1672826186.0,EDDC,EDDF,1672828904
1672827135.0,EDDS,EDDF,1672828836
1672823642.0,,EDDF,1672828439
1672825736.0,EDDW,EDDF,1672828387
1672816622.0,,EDDF,1672828148
1672824194.0,EGLL,EDDF,1672828099
1672824030.0,LOWW,EDDF,1672827944
1672825394.0,EDDP,EDDF,1672827712
1672825334.0,EDDM,EDDF,1672827516
1672826701.0,EDFC,EDDF,1672827409
1672823494.0,EGBB,EDDF,1672827358
1672822059.0,EPWA,EDDF,1672827258
1672818722.0,LEMD,EDDF,1672827008
,,EDDF,1672826934
1672822807.0,LOWG,EDDF,1672826900
1672794941.0,KIAH,EDDF,1672826569
1672823186.0,LFPG,EDDF,1672826309
1672818198.0,LEMD,EDDF,1672826218
1672823111.0,EDDH,EDDF,1672826158
1672795285.0,CYYC,EDDF,1672826074
1672779710.0,SAEZ,EDDF,1672825933
1672822410.0,EDDB,EDDF,1672825756
1672815360.0,LTFJ,EDDF,1672825739
1672821548.0,LOWW,EDDF,1672825589
1672820805.0,EPKK,EDDF,1672825555
1672789276.0,KLAX,EDDF,1672825429
1672821266.0,LIPX,EDDF,1672825312
1672810807.0,OLBA,EDDF,1672825103
1672820706.0,,EDDF,1672825008
1672813778.0,,EDDF,1672824804
1672820898.0,EGLC,EDDF,1672824705
1672814584.0,LGAV,EDDF,1672824500
1672788295.0,KSFO,EDDF,1672824473
1672817689.0,,EDDF,1672824239
1672815850.0,LROP,EDDF,1672824179
1672813849.0,LTFM,EDDF,1672824025
1672819898.0,LOWW,EDDF,1672823995
1672798628.0,KORD,EDDF,1672823782
1672794449.0,KMCO,EDDF,1672823664
1672789760.0,MMUN,EDDF,1672823339
1672819623.0,EGLL,EDDF,1672823309
1672787524.0,KLAS,EDDF,1672823127
1672821043.0,EDDM,EDDF,1672823058
1672784434.0,,EDDF,1672822746
1672817001.0,EIDW,EDDF,1672822705
1672791977.0,MDPC,EDDF,1672822549
1672791040.0,,EDDF,1672822322
1672818570.0,LFPG,EDDF,1672822229
1672785372.0,KSFO,EDDF,1672822193
1672791102.0,,EDDF,1672822166
1672818080.0,LOWW,EDDF,1672822076
1672813863.0,LPPR,EDDF,1672822049
1672792837.0,KATL,EDDF,1672821895
1672818630.0,EDDB,EDDF,1672821507
1672813215.0,LEMD,EDDF,1672821441
1672818407.0,EDDH,EDDF,1672821419
1672813042.0,EFHK,EDDF,1672821293
1672817153.0,EGLL,EDDF,1672821209
1672815327.0,LIRF,EDDF,1672821165
1672788370.0,KIAH,EDDF,1672821088
1672815783.0,EPWA,EDDF,1672821009
1672818450.0,EHAM,EDDF,1672820965
1672786097.0,KSEA,EDDF,1672820789
1672817825.0,EHAM,EDDF,1672820680
1672794767.0,KORD,EDDF,1672820484
1672816836.0,EGLL,EDDF,1672820395
1672787364.0,VOBL,EDDF,1672820182
1672785495.0,CYVR,EDDF,1672820097
1672816686.0,LIMC,EDDF,1672820066
1672816451.0,EGLC,EDDF,1672819952
1672810147.0,LPPT,EDDF,1672819911
1672790646.0,KATL,EDDF,1672819878
1672796413.0,KJFK,EDDF,1672819674
1672813835.0,,EDDF,1672819194
1672812734.0,ESSA,EDDF,1672819139
1672813753.0,EGCC,EDDF,1672819045
1672815268.0,EGKB,EDDF,1672818970
1672813635.0,EPWA,EDDF,1672818952
1672804444.0,LLBG,EDDF,1672818928
1672811206.0,EVRA,EDDF,1672818895
1672788066.0,KDEN,EDDF,1672818891
1672816457.0,EDDM,EDDF,1672818809
1672815652.0,EDDB,EDDF,1672818796
1672786692.0,KDFW,EDDF,1672818682
1672815794.0,EHAM,EDDF,1672818648
1672810935.0,LBSF,EDDF,1672818504
1672812264.0,LYBE,EDDF,1672818461
1672808996.0,LGAV,EDDF,1672818388
1672815136.0,LKPR,EDDF,1672818352
1672814981.0,LFPG,EDDF,1672818217
1672813937.0,EGBB,EDDF,1672818042
1672812585.0,ENZV,EDDF,1672817884
1672813847.0,LIPZ,EDDF,1672817812
1672809714.0,EFHK,EDDF,1672817742
1672812637.0,ESGG,EDDF,1672817519
1672813030.0,LFHC,EDDF,1672817489
1672814297.0,LFPG,EDDF,1672817315
1672812543.0,EPGD,EDDF,1672817241
1672810708.0,ENGM,EDDF,1672817158
1672793963.0,KEWR,EDDF,1672817046
1672813518.0,LSGG,EDDF,1672816913
1672812945.0,EPWR,EDDF,1672816887
1672812304.0,,EDDF,1672816738
1672808330.0,,EDDF,1672816728
1672812103.0,LDZA,EDDF,1672816536
1672808906.0,LEBL,EDDF,1672816408
1672812100.0,LIPE,EDDF,1672816398
1672812167.0,LJLJ,EDDF,1672816247
1672791370.0,KJFK,EDDF,1672816138
1672792064.0,KIAD,EDDF,1672816088
1672808899.0,EYVI,EDDF,1672816043
1672811945.0,EKBI,EDDF,1672815927
1672785254.0,VIDP,EDDF,1672815791
1672806831.0,,EDDF,1672815689
1672811055.0,EKCH,EDDF,1672815502
1672811915.0,LIML,EDDF,1672815469
1672812940.0,LSZH,EDDF,1672815430
1672784406.0,KDFW,EDDF,1672815355
1672806702.0,LROP,EDDF,1672815250
1672789617.0,CYYZ,EDDF,1672815237
1672811241.0,EPPO,EDDF,1672815176
1672812311.0,EBMB,EDDF,1672815118
1672811756.0,LOWI,EDDF,1672815076
1672812453.0,EDDM,EDDF,1672814961
1672787944.0,KCLT,EDDF,1672814896
1672809765.0,LHBP,EDDF,1672814788
1672810446.0,LOWW,EDDF,1672814728
1672809322.0,EIDW,EDDF,1672814716
1672810842.0,LIML,EDDF,1672814666
1672802709.0,,EDDF,1672814573
1672811698.0,LOWS,EDDF,1672814567
1672784977.0,KMIA,EDDF,1672814517
1672811235.0,EDDC,EDDF,1672814450
1672789663.0,KEWR,EDDF,1672814447
1672809589.0,,EDDF,1672814185
1672803616.0,LTFM,EDDF,1672813991
1672810854.0,EDDB,EDDF,1672813941
1672811695.0,ELLX,EDDF,1672813793
1672809435.0,LOWG,EDDF,1672813752
1672811316.0,EDDG,EDDF,1672813589
1672811389.0,EDDS,EDDF,1672813439
1672791177.0,CYUL,EDDF,1672813278
1672810694.0,EDDV,EDDF,1672813196
1672810924.0,EDDP,EDDF,1672813166
1672753843.0,EGPF,EDDF,1672812986
1672797156.0,,EDDF,1672812950
1672809037.0,LIMF,EDDF,1672812892
1672808999.0,LIPX,EDDF,1672812711
1672810193.0,EDDW,EDDF,1672812531
1672761895.0,VHHH,EDDF,1672812506
1672810324.0,EDDL,EDDF,1672812069
1672809088.0,EDDH,EDDF,1672811914
1672741972.0,,EDDF,1672811659
1672796771.0,,EDDF,1672811634
1672809067.0,EDDL,EDDF,1672811368
1672798447.0,,EDDF,1672811338
1672788305.0,,EDDF,1672811293
1672788633.0,OKBK,EDDF,1672811208
1672765368.0,,EDDF,1672811189
1672809329.0,EDDN,EDDF,1672811127
1672742001.0,,EDDF,1672810946
1672766967.0,,EDDF,1672810817
1672785771.0,KIAD,EDDF,1672810586
1672786507.0,,EDDF,1672810167
1672785044.0,CYYZ,EDDF,1672810074
1672757543.0,,EDDF,1672810009
1672761539.0,VHHH,EDDF,1672809928
1672787684.0,,EDDF,1672809867
1672783425.0,KDTW,EDDF,1672809447
1672787457.0,OTHH,EDDF,1672808548
1672758080.0,RJTT,EDDF,1672808427
1672787803.0,,EDDF,1672807948
1672784238.0,,EDDF,1672807798
1672785417.0,,EDDF,1672807462
1672803603.0,LFPG,EDDF,1672807162
1672804011.0,EDDP,EDDF,1672806807
1672795904.0,,EDDF,1672806708
1672800265.0,,EDDF,1672806629
1672797918.0,DAAG,EDDF,1672806589
1672804512.0,EDDV,EDDF,1672806553
1672780458.0,KORD,EDDF,1672806401
1672794611.0,,EDDF,1672806327
1672795023.0,,EDDF,1672806293
1672797535.0,,EDDF,1672805994
1672799023.0,EIDW,EDDF,1672805695
1672741975.0,,EDDF,1672805532
1672782352.0,OMDW,EDDF,1672805398
1672780475.0,KBOS,EDDF,1672805304
1672802087.0,EDDP,EDDF,1672805189
1672788378.0,EDDV,EDDF,1672791243
1672772889.0,,EDDF,1672783437
1672772889.0,,EDDF,1672783437
1672768322.0,LPMA,EDDF,1672782698
1672768322.0,LPMA,EDDF,1672782698
1672771606.0,LPPT,EDDF,1672781711
1672771606.0,LPPT,EDDF,1672781711
1672774934.0,ESSA,EDDF,1672781466
1672774934.0,ESSA,EDDF,1672781466
1672773041.0,LEMD,EDDF,1672781207
1672773041.0,LEMD,EDDF,1672781207
1672770303.0,,EDDF,1672780870
1672770303.0,,EDDF,1672780870
1672770634.0,LTFM,EDDF,1672780671
1672770634.0,LTFM,EDDF,1672780671
1672778325.0,EHAM,EDDF,1672780661
1672778325.0,EHAM,EDDF,1672780661
1672775412.0,EPWA,EDDF,1672780504
1672775412.0,EPWA,EDDF,1672780504
1672778964.0,EDDF,EDDF,1672779595
1672778964.0,EDDF,EDDF,1672779595
1672755705.0,OMDW,EDDF,1672779496
1672755705.0,OMDW,EDDF,1672779496
1672775965.0,LFPG,EDDF,1672779004
1672775965.0,LFPG,EDDF,1672779004
1672767150.0,,EDDF,1672778868
1672767150.0,,EDDF,1672778868
1672775030.0,EGLL,EDDF,1672778674
1672775030.0,EGLL,EDDF,1672778674
1672762823.0,,EDDF,1672778086
1672762823.0,,EDDF,1672778086
1672765207.0,,EDDF,1672777402
1672765207.0,,EDDF,1672777402
1672773391.0,LOWW,EDDF,1672776920
1672773391.0,LOWW,EDDF,1672776920
1672774110.0,EDDM,EDDF,1672776383
1672774110.0,EDDM,EDDF,1672776383
1672770517.0,LIRF,EDDF,1672776205
1672770517.0,LIRF,EDDF,1672776205
1672771901.0,EGLC,EDDF,1672775729
1672771901.0,EGLC,EDDF,1672775729
1672771651.0,EGLL,EDDF,1672775459
1672771651.0,EGLL,EDDF,1672775459
1672763505.0,,EDDF,1672775219
1672763505.0,,EDDF,1672775219
1672769468.0,EIDW,EDDF,1672775211
1672769468.0,EIDW,EDDF,1672775211
1672769920.0,EGCC,EDDF,1672775137
1672769920.0,EGCC,EDDF,1672775137
1672769206.0,ENGM,EDDF,1672774919
1672769206.0,ENGM,EDDF,1672774919
1672759776.0,,EDDF,1672774598
1672759776.0,,EDDF,1672774598
1672771485.0,LFPG,EDDF,1672774545
1672771485.0,LFPG,EDDF,1672774545
1672766138.0,LPPR,EDDF,1672774504
1672766138.0,LPPR,EDDF,1672774504
1672770644.0,LIPZ,EDDF,1672774314
1672770644.0,LIPZ,EDDF,1672774314
1672767540.0,LEBL,EDDF,1672774106
1672767540.0,LEBL,EDDF,1672774106
1672770864.0,LSZH,EDDF,1672773955
1672770864.0,LSZH,EDDF,1672773955
1672769888.0,LOWW,EDDF,1672773868
1672769888.0,LOWW,EDDF,1672773868
1672763684.0,LPPT,EDDF,1672773747
1672763684.0,LPPT,EDDF,1672773747
1672769479.0,EGBB,EDDF,1672773717
1672769479.0,EGBB,EDDF,1672773717
1672742008.0,,EDDF,1672773640
1672742008.0,,EDDF,1672773640
1672767037.0,LEPA,EDDF,1672773522
1672767037.0,LEPA,EDDF,1672773522
1672770786.0,EHAM,EDDF,1672773375
1672770786.0,EHAM,EDDF,1672773375
1672761066.0,,EDDF,1672773221
1672761066.0,,EDDF,1672773221
1672769671.0,LSGG,EDDF,1672773220
1672769671.0,LSGG,EDDF,1672773220
1672763281.0,LEMG,EDDF,1672773202
1672763281.0,LEMG,EDDF,1672773202
1672758949.0,LLBG,EDDF,1672773079
1672758949.0,LLBG,EDDF,1672773079
1672765680.0,EETN,EDDF,1672772990
1672765680.0,EETN,EDDF,1672772990
1672766800.0,,EDDF,1672772902
1672766800.0,,EDDF,1672772902
1672769042.0,EKCH,EDDF,1672772836
1672769042.0,EKCH,EDDF,1672772836
1672750148.0,,EDDF,1672772630
1672750148.0,,EDDF,1672772630
1672768380.0,LOWG,EDDF,1672772555
1672768380.0,LOWG,EDDF,1672772555
1672769724.0,EBMB,EDDF,1672772544
1672769724.0,EBMB,EDDF,1672772544
1672768273.0,EGLL,EDDF,1672772457
1672768273.0,EGLL,EDDF,1672772457
1672769140.0,LIML,EDDF,1672772437
1672769140.0,LIML,EDDF,1672772437
1672769175.0,LFPG,EDDF,1672772341
1672769175.0,LFPG,EDDF,1672772341
1672767601.0,EPKK,EDDF,1672772211
1672767601.0,EPKK,EDDF,1672772211
1672769071.0,EDDH,EDDF,1672772179
1672769071.0,EDDH,EDDF,1672772179
1672768201.0,EGLC,EDDF,1672772048
1672768201.0,EGLC,EDDF,1672772048
1672761323.0,,EDDF,1672771971
1672761323.0,,EDDF,1672771971
1672769594.0,EDDM,EDDF,1672771856
1672769594.0,EDDM,EDDF,1672771856
1672762830.0,LGAV,EDDF,1672771815
1672762830.0,LGAV,EDDF,1672771815
1672768352.0,LIMC,EDDF,1672771753
1672768563.0,EDDB,EDDF,1672771753
1672768563.0,EDDB,EDDF,1672771753
1672768352.0,LIMC,EDDF,1672771753
1672767060.0,LFRS,EDDF,1672771500
1672767060.0,LFRS,EDDF,1672771500
1672766958.0,EGGD,EDDF,1672771229
1672766958.0,EGGD,EDDF,1672771229
1672768402.0,LKPR,EDDF,1672771153
1672768402.0,LKPR,EDDF,1672771153
1672768509.0,EDDC,EDDF,1672771018
1672768509.0,EDDC,EDDF,1672771018
1672766171.0,LDZA,EDDF,1672770798
1672766171.0,LDZA,EDDF,1672770798
1672766330.0,EKCH,EDDF,1672770539
1672766330.0,EKCH,EDDF,1672770539
1672758762.0,,EDDF,1672770448
1672758762.0,,EDDF,1672770448
1672765900.0,EGLC,EDDF,1672770447
1672765900.0,EGLC,EDDF,1672770447
1672766944.0,LSGG,EDDF,1672770317
1672766944.0,LSGG,EDDF,1672770317
1672762334.0,LEMD,EDDF,1672770269
1672762334.0,LEMD,EDDF,1672770269
1672759119.0,,EDDF,1672769694
1672759119.0,,EDDF,1672769694
1672742004.0,,EDDF,1672769560
1672742004.0,,EDDF,1672769560
1672758341.0,,EDDF,1672769360
1672758341.0,,EDDF,1672769360
1672766792.0,LSZH,EDDF,1672769099
1672766792.0,LSZH,EDDF,1672769099
1672763074.0,ENGM,EDDF,1672768701
1672763074.0,ENGM,EDDF,1672768701
1672765928.0,EDDH,EDDF,1672768607
1672765928.0,EDDH,EDDF,1672768607
1672765966.0,EBBR,EDDF,1672768529
1672765966.0,EBBR,EDDF,1672768529
1672765003.0,LIML,EDDF,1672768455
1672765003.0,LIML,EDDF,1672768455
1672761684.0,LEBL,EDDF,1672768270
1672761684.0,LEBL,EDDF,1672768270
1672765502.0,EDDB,EDDF,1672768218
1672765502.0,EDDB,EDDF,1672768218
1672762591.0,EIDW,EDDF,1672768132
1672762591.0,EIDW,EDDF,1672768132
1672764992.0,LFPG,EDDF,1672768037
1672764992.0,LFPG,EDDF,1672768037
1672764590.0,LIML,EDDF,1672767911
1672764590.0,LIML,EDDF,1672767911
1672765645.0,EDDM,EDDF,1672767831
1672765645.0,EDDM,EDDF,1672767831
1672763865.0,EGLL,EDDF,1672767718
1672763865.0,EGLL,EDDF,1672767718
1672761671.0,,EDDF,1672767554
1672761671.0,,EDDF,1672767554
1672762328.0,EPWA,EDDF,1672767500
1672762328.0,EPWA,EDDF,1672767500
1672761225.0,ESSA,EDDF,1672767293
1672761225.0,ESSA,EDDF,1672767293
1672752285.0,LLBG,EDDF,1672767254
1672752285.0,LLBG,EDDF,1672767254
1672758788.0,EFHK,EDDF,1672767238
1672758788.0,EFHK,EDDF,1672767238
1672763509.0,LOWW,EDDF,1672767175
1672763509.0,LOWW,EDDF,1672767175
1672764344.0,EHAM,EDDF,1672766923
1672764344.0,EHAM,EDDF,1672766923
1672762069.0,EGLL,EDDF,1672766241
1672762069.0,EGLL,EDDF,1672766241
1672741984.0,,EDDF,1672766116
1672741984.0,,EDDF,1672766116
1672744747.0,OTHH,EDDF,1672765965
1672744747.0,OTHH,EDDF,1672765965
1672751854.0,,EDDF,1672765891
1672751854.0,,EDDF,1672765891
1672758990.0,ESSB,EDDF,1672765439
1672758990.0,ESSB,EDDF,1672765439
1672761491.0,EGLL,EDDF,1672765358
1672761491.0,EGLL,EDDF,1672765358
1672754298.0,,EDDF,1672765283
1672754298.0,,EDDF,1672765283
1672750792.0,,EDDF,1672764737
1672750792.0,,EDDF,1672764737
1672759806.0,EGCC,EDDF,1672764417
1672759806.0,EGCC,EDDF,1672764417
1672756244.0,LEMD,EDDF,1672764237
1672756244.0,LEMD,EDDF,1672764237
1672752368.0,,EDDF,1672763937
1672752368.0,,EDDF,1672763937
1672753500.0,LPPT,EDDF,1672763695
1672753500.0,LPPT,EDDF,1672763695
1672749145.0,,EDDF,1672763409
1672749145.0,,EDDF,1672763409
1672752623.0,,EDDF,1672763367
1672752623.0,,EDDF,1672763367
1672755069.0,LGTS,EDDF,1672763006
1672755069.0,LGTS,EDDF,1672763006
1672752523.0,,EDDF,1672762619
1672752523.0,,EDDF,1672762619
1672759321.0,EHAM,EDDF,1672761934
1672759321.0,EHAM,EDDF,1672761934
1672754408.0,LBSF,EDDF,1672761827
1672754408.0,LBSF,EDDF,1672761827
1672757801.0,EGLC,EDDF,1672761538
1672757801.0,EGLC,EDDF,1672761538
1672755383.0,,EDDF,1672761357
1672755383.0,,EDDF,1672761357
1672750928.0,LTFM,EDDF,1672761327
1672750928.0,LTFM,EDDF,1672761327
1672759140.0,EDDM,EDDF,1672761238
1672759140.0,EDDM,EDDF,1672761238
1672752180.0,,EDDF,1672761099
1672752180.0,,EDDF,1672761099
1672750755.0,LTFJ,EDDF,1672761023
1672750755.0,LTFJ,EDDF,1672761023
1672751091.0,LPPT,EDDF,1672761022
1672751091.0,LPPT,EDDF,1672761022
1672751372.0,LEZL,EDDF,1672760698
1672751372.0,LEZL,EDDF,1672760698
1672755665.0,,EDDF,1672760681
1672755665.0,,EDDF,1672760681
1672756411.0,LFLL,EDDF,1672760567
1672756411.0,LFLL,EDDF,1672760567
1672755346.0,EPWA,EDDF,1672760454
1672755346.0,EPWA,EDDF,1672760454
1672756368.0,EPPO,EDDF,1672760396
1672756368.0,EPPO,EDDF,1672760396
1672754758.0,,EDDF,1672760218
1672754758.0,,EDDF,1672760218
1672749808.0,,EDDF,1672760135
1672749808.0,,EDDF,1672760135
1672756749.0,LFPG,EDDF,1672760060
1672756749.0,LFPG,EDDF,1672760060
1672753561.0,LEBL,EDDF,1672759839
1672753561.0,LEBL,EDDF,1672759839
1672754567.0,LHBP,EDDF,1672759789
1672754567.0,LHBP,EDDF,1672759789
1672756002.0,LIPZ,EDDF,1672759633
1672756002.0,LIPZ,EDDF,1672759633
1672749754.0,LPBJ,EDDF,1672759424
1672749754.0,LPBJ,EDDF,1672759424
1672754206.0,,EDDF,1672759257
1672754206.0,,EDDF,1672759257
1672755106.0,EGBB,EDDF,1672759163
1672755106.0,EGBB,EDDF,1672759163
1672751297.0,LEMD,EDDF,1672758837
1672751297.0,LEMD,EDDF,1672758837
1672753740.0,ESGG,EDDF,1672758565
1672753740.0,ESGG,EDDF,1672758565
1672754820.0,LIPE,EDDF,1672758540
1672754820.0,LIPE,EDDF,1672758540
1672750085.0,LMML,EDDF,1672758518
1672750085.0,LMML,EDDF,1672758518
1672751876.0,,EDDF,1672758459
1672751876.0,,EDDF,1672758459
1672754511.0,EGLL,EDDF,1672758358
1672754511.0,EGLL,EDDF,1672758358
1672753783.0,LFML,EDDF,1672758289
1672753783.0,LFML,EDDF,1672758289
1672749015.0,LGAV,EDDF,1672758227
1672749015.0,LGAV,EDDF,1672758227
1672754255.0,,EDDF,1672758186
1672754255.0,,EDDF,1672758186
1672754531.0,EKCH,EDDF,1672758122
1672754531.0,EKCH,EDDF,1672758122
1672752934.0,LIRF,EDDF,1672758039
1672752934.0,LIRF,EDDF,1672758039
1672749521.0,LPPR,EDDF,1672757992
1672749521.0,LPPR,EDDF,1672757992
1672742823.0,,EDDF,1672757901
1672742823.0,,EDDF,1672757901
1672751766.0,ESSA,EDDF,1672757878
1672751766.0,ESSA,EDDF,1672757878
1672749882.0,LROP,EDDF,1672757768
1672749882.0,LROP,EDDF,1672757768
1672755429.0,EDDM,EDDF,1672757759
1672755429.0,EDDM,EDDF,1672757759
1672753583.0,,EDDF,1672757739
1672753583.0,,EDDF,1672757739
1672753830.0,LIMF,EDDF,1672757590
1672753830.0,LIMF,EDDF,1672757590
1672754733.0,EDDH,EDDF,1672757546
1672754733.0,EDDH,EDDF,1672757546
1672751120.0,,EDDF,1672757506
1672751120.0,,EDDF,1672757506
1672754895.0,EHAM,EDDF,1672757417
1672754895.0,EHAM,EDDF,1672757417
1672743567.0,,EDDF,1672757337
1672743567.0,,EDDF,1672757337
1672752513.0,EPGD,EDDF,1672757291
1672752513.0,EPGD,EDDF,1672757291
1672751975.0,,EDDF,1672757223
1672751975.0,,EDDF,1672757223
1672753626.0,LIPX,EDDF,1672757185
1672753626.0,LIPX,EDDF,1672757185
1672752690.0,LOWW,EDDF,1672757157
1672752690.0,LOWW,EDDF,1672757157
1672755069.0,EDDV,EDDF,1672757096
1672755069.0,EDDV,EDDF,1672757096
1672754413.0,LSZH,EDDF,1672757089
1672754413.0,LSZH,EDDF,1672757089
1672752932.0,EKBI,EDDF,1672757033
1672752932.0,EKBI,EDDF,1672757033
1672746517.0,LTFJ,EDDF,1672757005
1672746517.0,LTFJ,EDDF,1672757005
1672750999.0,ENGM,EDDF,1672756997
1672750999.0,ENGM,EDDF,1672756997
1672753351.0,EPWR,EDDF,1672756949
1672753351.0,EPWR,EDDF,1672756949
1672750144.0,,EDDF,1672756766
1672750144.0,,EDDF,1672756766
1672754829.0,EDDL,EDDF,1672756687
1672754829.0,EDDL,EDDF,1672756687
1672751975.0,EPKT,EDDF,1672756589
1672751975.0,EPKT,EDDF,1672756589
1672753844.0,LOWS,EDDF,1672756576
1672753844.0,LOWS,EDDF,1672756576
1672746315.0,LTFJ,EDDF,1672756559
1672746315.0,LTFJ,EDDF,1672756559
1672753627.0,LFPG,EDDF,1672756525
1672753627.0,LFPG,EDDF,1672756525
1672747921.0,EFHK,EDDF,1672756482
1672747921.0,EFHK,EDDF,1672756482
1672754103.0,EBMB,EDDF,1672756424
1672754103.0,EBMB,EDDF,1672756424
1672753303.0,LIMC,EDDF,1672756355
1672753303.0,LIMC,EDDF,1672756355
1672753412.0,EDDB,EDDF,1672756333
1672753412.0,EDDB,EDDF,1672756333
1672752463.0,LOWG,EDDF,1672756315
1672752463.0,LOWG,EDDF,1672756315
1672753421.0,EDDW,EDDF,1672756288
1672753421.0,EDDW,EDDF,1672756288
1672750995.0,EGPH,EDDF,1672756248
1672750995.0,EGPH,EDDF,1672756248
1672753273.0,LOWI,EDDF,1672756162
1672753273.0,LOWI,EDDF,1672756162
1672754104.0,ELLX,EDDF,1672756055
1672754104.0,ELLX,EDDF,1672756055
1672749751.0,LYBE,EDDF,1672755984
1672749751.0,LYBE,EDDF,1672755984
1672749545.0,,EDDF,1672755980
1672749545.0,,EDDF,1672755980
1672749870.0,,EDDF,1672755957
1672749870.0,,EDDF,1672755957
1672753320.0,LSZM,EDDF,1672755878
1672753320.0,LSZM,EDDF,1672755878
1672753629.0,EDDG,EDDF,1672755779
1672753629.0,EDDG,EDDF,1672755779
1672754119.0,EDDS,EDDF,1672755689
1672754119.0,EDDS,EDDF,1672755689
1672752588.0,LOWL,EDDF,1672755500
1672752588.0,LOWL,EDDF,1672755500
1672753476.0,EDDN,EDDF,1672754978
1672753476.0,EDDN,EDDF,1672754978
1672751745.0,LIML,EDDF,1672754952
1672751745.0,LIML,EDDF,1672754952
1672752481.0,EDNY,EDDF,1672754849
1672752481.0,EDNY,EDDF,1672754849
1672749217.0,EGPF,EDDF,1672754807
1672749217.0,EGPF,EDDF,1672754807
1672750660.0,LIPQ,EDDF,1672754782
1672750660.0,LIPQ,EDDF,1672754782
1672752121.0,EDDC,EDDF,1672754699
1672752121.0,EDDC,EDDF,1672754699
1672748799.0,ENBR,EDDF,1672754521
1672748799.0,ENBR,EDDF,1672754521
1672749213.0,LFBO,EDDF,1672754429
1672749213.0,LFBO,EDDF,1672754429
1672751990.0,EDDP,EDDF,1672754415
1672751990.0,EDDP,EDDF,1672754415
1672748198.0,LEBL,EDDF,1672754359
1672748198.0,LEBL,EDDF,1672754359
1672747371.0,,EDDF,1672754328
1672747371.0,,EDDF,1672754328
1672747733.0,,EDDF,1672754218
1672747733.0,,EDDF,1672754218
1672743163.0,,EDDF,1672754186
1672743163.0,,EDDF,1672754186
1672748580.0,EIDW,EDDF,1672754149
1672748580.0,EIDW,EDDF,1672754149
1672747360.0,,EDDF,1672754047
1672747360.0,,EDDF,1672754047
1672752008.0,EDDL,EDDF,1672753918
1672752008.0,EDDL,EDDF,1672753918
1672750008.0,LIPZ,EDDF,1672753844
1672750008.0,LIPZ,EDDF,1672753844
1672750478.0,LSGG,EDDF,1672753792
1672750478.0,LSGG,EDDF,1672753792
1672750773.0,EDDB,EDDF,1672753655
1672750773.0,EDDB,EDDF,1672753655
1672751350.0,EDDM,EDDF,1672753585
1672751350.0,EDDM,EDDF,1672753585
1672750658.0,EDDH,EDDF,1672753439
1672750658.0,EDDH,EDDF,1672753439
1672748702.0,LHBP,EDDF,1672753290
1672748702.0,LHBP,EDDF,1672753290
1672742026.0,,EDDF,1672752506
1672742026.0,,EDDF,1672752506
1672743443.0,LTFM,EDDF,1672752466
1672743443.0,LTFM,EDDF,1672752466
1672748418.0,EGLL,EDDF,1672752280
1672748418.0,EGLL,EDDF,1672752280
1672745271.0,,EDDF,1672752101
1672745271.0,,EDDF,1672752101
1672748041.0,EGLL,EDDF,1672752009
1672748041.0,EGLL,EDDF,1672752009
1672742017.0,,EDDF,1672751637
1672742017.0,,EDDF,1672751637
1672745585.0,,EDDF,1672751448
1672745585.0,,EDDF,1672751448
1672742001.0,,EDDF,1672751095
1672742001.0,,EDDF,1672751095
1672747087.0,EPPO,EDDF,1672751029
1672747087.0,EPPO,EDDF,1672751029
1672747400.0,LIML,EDDF,1672750586
1672747400.0,LIML,EDDF,1672750586
1672741975.0,,EDDF,1672750493
1672741975.0,,EDDF,1672750493
1672743737.0,LEPA,EDDF,1672749799
1672743737.0,LEPA,EDDF,1672749799
1672745052.0,EGNT,EDDF,1672749621
1672745052.0,EGNT,EDDF,1672749621
1672742353.0,,EDDF,1672749437
1672742353.0,,EDDF,1672749437
1672744317.0,ESGG,EDDF,1672749207
1672744317.0,ESGG,EDDF,1672749207
1672746352.0,EHAM,EDDF,1672749054
1672746352.0,EHAM,EDDF,1672749054
1672742024.0,,EDDF,1672748937
1672742024.0,,EDDF,1672748937
1672745364.0,LSZH,EDDF,1672747884
1672745364.0,LSZH,EDDF,1672747884
1672742096.0,,EDDF,1672747492
1672742096.0,,EDDF,1672747492
1672744408.0,,EDDF,1672747253
1672744408.0,,EDDF,1672747253
1672744627.0,LKPR,EDDF,1672747246
1672744627.0,LKPR,EDDF,1672747246
1672741945.0,,EDDF,1672746835
1672741945.0,,EDDF,1672746835
1672742005.0,,EDDF,1672746686
1672742005.0,,EDDF,1672746686
1672742000.0,,EDDF,1672746599
1672742000.0,,EDDF,1672746599
1672742597.0,EGLC,EDDF,1672746523
1672742597.0,EGLC,EDDF,1672746523
1672741997.0,,EDDF,1672746368
1672741997.0,,EDDF,1672746368
1672742007.0,,EDDF,1672746190
1672742007.0,,EDDF,1672746190
1672743997.0,EDDM,EDDF,1672746178
1672743997.0,EDDM,EDDF,1672746178
1672742049.0,EKBI,EDDF,1672746089
1672742049.0,EKBI,EDDF,1672746089
1672742415.0,LFPG,EDDF,1672745788
1672742415.0,LFPG,EDDF,1672745788
1672741995.0,,EDDF,1672745470
1672741995.0,,EDDF,1672745470
1672741990.0,,EDDF,1672745271
1672741990.0,,EDDF,1672745271
1672742549.0,LSZH,EDDF,1672745247
1672742549.0,LSZH,EDDF,1672745247
1672741979.0,,EDDF,1672745061
1672741979.0,,EDDF,1672745061
1672741986.0,,EDDF,1672744918
1672741986.0,,EDDF,1672744918
1672742013.0,LILN,EDDF,1672744917
1672742013.0,LILN,EDDF,1672744917
1672741985.0,,EDDF,1672744907
1672741985.0,,EDDF,1672744907
1672741970.0,,EDDF,1672744698
1672741970.0,,EDDF,1672744698
,,EDDF,1672744572
,,EDDF,1672744572
1672741990.0,,EDDF,1672744067
1672741990.0,,EDDF,1672744067
1672741996.0,,EDDF,1672743976
1672741996.0,,EDDF,1672743976
1672741991.0,,EDDF,1672743834
1672741991.0,,EDDF,1672743834
1672741978.0,,EDDF,1672743653
1672741978.0,,EDDF,1672743653
1672741986.0,,EDDF,1672743539
1672741986.0,,EDDF,1672743539
1672741948.0,,EDDF,1672743528
1672741948.0,,EDDF,1672743528
1672741986.0,,EDDF,1672743501
1672741986.0,,EDDF,1672743501
1672741990.0,,EDDF,1672743293
1672741990.0,,EDDF,1672743293
1672742261.0,EDFL,EDDF,1672743265
1672742261.0,EDFL,EDDF,1672743265
1672741986.0,,EDDF,1672743168
1672741986.0,,EDDF,1672743168
1672741992.0,,EDDF,1672743104
1672741992.0,,EDDF,1672743104
1672742104.0,,EDDF,1672742952
1672742104.0,,EDDF,1672742952
1672741974.0,,EDDF,1672742937
1672741974.0,,EDDF,1672742937
1672741987.0,EDFB,EDDF,1672742901
1672741987.0,EDFB,EDDF,1672742901
1672741998.0,EDFB,EDDF,1672742786
1672741998.0,EDFB,EDDF,1672742786
1672741993.0,EDFG,EDDF,1672742783
1672741993.0,EDFG,EDDF,1672742783
1672741995.0,EDDF,EDDF,1672742725
1672741995.0,EDDF,EDDF,1672742725
1672741988.0,,EDDF,1672742662
1672741988.0,,EDDF,1672742662
1672741987.0,,EDDF,1672742631
1672741987.0,,EDDF,1672742631
1672695310.0,EDEP,EDDF,1672696203
1672686647.0,LPPT,EDDF,1672695657
1672684001.0,,EDDF,1672695080
1672658399.0,EDDF,EDDF,1672695014
1672689342.0,EPWA,EDDF,1672694915
1672691943.0,EHAM,EDDF,1672694467
1672686691.0,LEMD,EDDF,1672693585
1672683472.0,,EDDF,1672693417
1672683243.0,LTFM,EDDF,1672693148
1672688925.0,EGLL,EDDF,1672693090
1672689860.0,LFPG,EDDF,1672692885
1672686713.0,LIRF,EDDF,1672691766
1672687561.0,LOWW,EDDF,1672691432
1672668694.0,OMDW,EDDF,1672690652
1672688243.0,EDDM,EDDF,1672690299
1672658437.0,KDFW,EDDF,1672690022
1672682816.0,ESSA,EDDF,1672689931
1672685591.0,,EDDF,1672689711
1672681530.0,LPPT,EDDF,1672689668
1672684053.0,EIDW,EDDF,1672689467
1672683396.0,LEBL,EDDF,1672689299
1672676044.0,,EDDF,1672689030
1672685388.0,EGLL,EDDF,1672689013
1672682289.0,,EDDF,1672688745
1672683711.0,EGCC,EDDF,1672688706
1672686114.0,EHAM,EDDF,1672688623
1672680669.0,LPPR,EDDF,1672688398
1672684380.0,EGLC,EDDF,1672688298
1672681913.0,ENGM,EDDF,1672688178
1672675790.0,,EDDF,1672688141
1672684114.0,LIPE,EDDF,1672687985
1672678481.0,EFHK,EDDF,1672687948
1672684358.0,LSGG,EDDF,1672687792
1672680986.0,LEPA,EDDF,1672687750
1672681789.0,ESGG,EDDF,1672687723
1672684646.0,LFPG,EDDF,1672687677
1672682674.0,EKCH,EDDF,1672687669
1672673595.0,LLBG,EDDF,1672687608
1672683981.0,EDDC,EDDF,1672687489
1672651307.0,EDDF,EDDF,1672687461
1672683421.0,LOWW,EDDF,1672687372
1672683436.0,EDDH,EDDF,1672686943
1672683343.0,LIML,EDDF,1672686937
1672682329.0,LFML,EDDF,1672686927
1672682432.0,EGLC,EDDF,1672686896
1672683315.0,LFPG,EDDF,1672686721
1672677000.0,LTFM,EDDF,1672686689
1672682014.0,EGLL,EDDF,1672686681
1672676017.0,,EDDF,1672686539
1672683727.0,EHAM,EDDF,1672686535
1672681326.0,EPKK,EDDF,1672686409
1672681444.0,EGGP,EDDF,1672686295
1672683100.0,LSZH,EDDF,1672686114
1672678751.0,LBSF,EDDF,1672685911
1672683214.0,EBMB,EDDF,1672685897
1672682943.0,EDDB,EDDF,1672685752
1672680302.0,,EDDF,1672685693
1672682477.0,LSGG,EDDF,1672685669
1672683200.0,EDDM,EDDF,1672685608
1672676917.0,,EDDF,1672685547
1672677818.0,ESSA,EDDF,1672685458
1672678230.0,LEMD,EDDF,1672685348
1672682569.0,LOWI,EDDF,1672685157
1672676220.0,LGAV,EDDF,1672685058
1672680426.0,EKCH,EDDF,1672684977
1672681730.0,LKPR,EDDF,1672684942
1672679983.0,LDZL,EDDF,1672684916
1672679693.0,EGNT,EDDF,1672684858
1672676561.0,LMML,EDDF,1672684677
1672653433.0,KORD,EDDF,1672684468
1672680966.0,LFPG,EDDF,1672684317
1672677845.0,,EDDF,1672684288
1672675716.0,LROP,EDDF,1672684138
1672680017.0,EGLL,EDDF,1672684042
1672671541.0,BIKF,EDDF,1672683735
1672677605.0,LYBE,EDDF,1672683623
1672679408.0,EGLC,EDDF,1672683558
1672677091.0,LEBL,EDDF,1672683385
1672680788.0,EDNY,EDDF,1672683324
1672679708.0,EDDH,EDDF,1672683294
1672660738.0,,EDDF,1672683117
1672670205.0,,EDDF,1672682985
1672639699.0,VTBS,EDDF,1672682929
1672676720.0,EPWA,EDDF,1672682833
1672671584.0,,EDDF,1672682684
1672672706.0,EFHK,EDDF,1672682397
1672679643.0,EBBR,EDDF,1672682367
1672675861.0,EIDW,EDDF,1672682307
1672674112.0,ESSA,EDDF,1672682299
1672679661.0,EDDM,EDDF,1672682232
1672679211.0,EDDB,EDDF,1672682169
1672678569.0,LIML,EDDF,1672682057
1672678338.0,LIML,EDDF,1672681600
1672631977.0,RJTT,EDDF,1672681403
1672677532.0,LOWW,EDDF,1672681373
1672672526.0,EVRA,EDDF,1672681218
1672649970.0,VIDP,EDDF,1672681078
1672674572.0,ENGM,EDDF,1672680985
1672679866.0,EDEF,EDDF,1672680495
1672677602.0,EHAM,EDDF,1672680232
1672676556.0,EGLL,EDDF,1672680073
1672658659.0,OTHH,EDDF,1672679668
1672675367.0,EGLL,EDDF,1672679424
1672666506.0,,EDDF,1672679280
1672672448.0,LEMD,EDDF,1672679128
1672673806.0,EGCC,EDDF,1672679067
1672668111.0,,EDDF,1672678995
1672674876.0,EDXW,EDDF,1672678868
1672632672.0,RKSI,EDDF,1672678707
1672632486.0,,EDDF,1672678639
1672673222.0,,EDDF,1672678527
1672667230.0,,EDDF,1672677827
1672647821.0,VIDP,EDDF,1672677659
1672666694.0,,EDDF,1672677415
1672666145.0,,EDDF,1672677208
1672673741.0,LFPG,EDDF,1672677206
1672670373.0,LEMD,EDDF,1672677087
1672633303.0,,EDDF,1672676938
1672666866.0,,EDDF,1672676273
1672664929.0,,EDDF,1672676187
1672673651.0,EDDM,EDDF,1672675910
1672631321.0,,EDDF,1672675735
1672672680.0,EHAM,EDDF,1672675606
1672671450.0,LIPZ,EDDF,1672675078
1672672265.0,LIML,EDDF,1672675049
1672623958.0,RJAA,EDDF,1672674560
1672668900.0,EPWA,EDDF,1672674502
1672667291.0,EYVI,EDDF,1672674419
1672666102.0,LPPT,EDDF,1672674348
1672664505.0,LTFM,EDDF,1672674266
1672665966.0,EVRA,EDDF,1672674178
1672670776.0,EDDH,EDDF,1672673950
1672668870.0,LHBP,EDDF,1672673605
1672669501.0,LOWW,EDDF,1672673479
1672667400.0,LEBL,EDDF,1672673399
1672632470.0,,EDDF,1672673212
1672668440.0,,EDDF,1672673181
1672668393.0,EGBB,EDDF,1672673055
1672664430.0,LPFR,EDDF,1672673003
1672642647.0,,EDDF,1672672904
1672665367.0,ESSA,EDDF,1672672682
1672668592.0,LDZL,EDDF,1672672584
1672662014.0,GMMN,EDDF,1672672558
1672648999.0,OMDW,EDDF,1672672336
1672667705.0,,EDDF,1672672301
1672664681.0,LPPR,EDDF,1672672277
1672669474.0,LKPR,EDDF,1672672148
1672662700.0,LGAV,EDDF,1672672133
1672668840.0,LIMC,EDDF,1672672041
1672668078.0,LIPE,EDDF,1672672004
1672665822.0,LIBD,EDDF,1672671950
1672663450.0,LMML,EDDF,1672671949
1672665253.0,LEMD,EDDF,1672671861
1672664453.0,LBSF,EDDF,1672671770
1672668084.0,LFPG,EDDF,1672671747
1672669810.0,EDDL,EDDF,1672671746
1672665185.0,,EDDF,1672671689
1672667551.0,,EDDF,1672671545
1672643910.0,KORD,EDDF,1672671486
1672667381.0,LFMN,EDDF,1672671413
1672667370.0,EGLL,EDDF,1672671401
1672668454.0,LOWI,EDDF,1672671294
1672668889.0,EDDV,EDDF,1672671291
1672667286.0,LOWG,EDDF,1672671197
1672668516.0,EHAM,EDDF,1672671106
1672663333.0,LROP,EDDF,1672671059
1672668500.0,EDDM,EDDF,1672671045
1672665330.0,ESGG,EDDF,1672671026
1672668122.0,EHAM,EDDF,1672670909
1672667834.0,EDDB,EDDF,1672670898
1672663536.0,ENGM,EDDF,1672670879
1672665570.0,EPGD,EDDF,1672670699
1672665401.0,,EDDF,1672670695
1672666920.0,LIMF,EDDF,1672670599
1672665847.0,EPKT,EDDF,1672670508
1672668047.0,LSZH,EDDF,1672670489
1672660964.0,EETN,EDDF,1672670475
1672666610.0,LIPX,EDDF,1672670367
1672668279.0,EDDG,EDDF,1672670319
1672665004.0,LIRF,EDDF,1672670247
1672665979.0,EKBI,EDDF,1672670236
1672664328.0,EGPH,EDDF,1672670179
1672665933.0,LOWW,EDDF,1672670011
1672667593.0,EBBR,EDDF,1672669944
1672666943.0,LOWS,EDDF,1672669887
1672667738.0,ELLX,EDDF,1672669829
1672661513.0,EFHK,EDDF,1672669794
1672663503.0,,EDDF,1672669762
1672667100.0,EDDW,EDDF,1672669706
1672663961.0,LYBE,EDDF,1672669529
1672662240.0,DAAG,EDDF,1672669461
1672667820.0,EDDN,EDDF,1672669455
1672665251.0,,EDDF,1672669232
1672666920.0,LSZM,EDDF,1672669072
1672665789.0,LOWL,EDDF,1672669006
1672637887.0,KDEN,EDDF,1672668976
1672630308.0,,EDDF,1672668863
1672664124.0,EKCH,EDDF,1672668856
1672664320.0,LIPQ,EDDF,1672668745
1672665271.0,LIML,EDDF,1672668739
1672666005.0,EDDP,EDDF,1672668677
1672664583.0,EGSS,EDDF,1672668658
1672662253.0,EGPF,EDDF,1672668469
1672666111.0,EDNY,EDDF,1672668269
1672663590.0,EKCH,EDDF,1672668017
1672661673.0,LEBL,EDDF,1672667818
1672664202.0,EDDH,EDDF,1672667696
1672664461.0,LSGG,EDDF,1672667607
1672660991.0,ENBR,EDDF,1672667489
1672663805.0,LIPZ,EDDF,1672667404
1672665043.0,EDDM,EDDF,1672667229
1672661502.0,EIDW,EDDF,1672667186
1672663983.0,EDDB,EDDF,1672667159
1672662300.0,LFBO,EDDF,1672666889
1672661612.0,,EDDF,1672666759
1672619931.0,RKSI,EDDF,1672666624
1672618575.0,RKSI,EDDF,1672666495
1672661726.0,LHBP,EDDF,1672666468
1672662722.0,EGLL,EDDF,1672666307
1672662127.0,EGLL,EDDF,1672666215
1672659662.0,ENZV,EDDF,1672665778
1672630583.0,,EDDF,1672665583
1672628793.0,KSFO,EDDF,1672665419
1672660463.0,EPKK,EDDF,1672665203
1672658250.0,LEPA,EDDF,1672664338
1672661251.0,LIML,EDDF,1672664194
1672652157.0,,EDDF,1672663661
1672653616.0,LTFM,EDDF,1672663371
1672658706.0,EGGD,EDDF,1672663193
1672632636.0,,EDDF,1672663149
1672652326.0,,EDDF,1672663067
,,EDDF,1672663044
1672660217.0,EHAM,EDDF,1672662982
1672661557.0,EDDF,EDDF,1672662838
1672652167.0,,EDDF,1672662689
1672656986.0,ESGG,EDDF,1672662509
1672659673.0,EDDM,EDDF,1672662379
1672623618.0,KLAX,EDDF,1672662289
1672658071.0,EGLL,EDDF,1672662026
1672647738.0,,EDDF,1672661774
1672658532.0,EDDH,EDDF,1672661742
1672656788.0,LFRB,EDDF,1672661577
1672650119.0,,EDDF,1672661353
1672650609.0,,EDDF,1672661215
1672631445.0,,EDDF,1672661004
1672658372.0,LSZH,EDDF,1672661001
1672628991.0,,EDDF,1672660707
1672639166.0,,EDDF,1672660557
1672658252.0,EBMB,EDDF,1672660456
1672656992.0,EDDB,EDDF,1672659952
1672652526.0,LBSF,EDDF,1672659747
1672654240.0,LHBP,EDDF,1672659676
1672650275.0,,EDDF,1672659599
1672654354.0,,EDDF,1672659479
1672655850.0,LIPZ,EDDF,1672659472
1672655846.0,LFLL,EDDF,1672659459
1672656040.0,LFPG,EDDF,1672659356
1672648927.0,,EDDF,1672659235
1672654983.0,LFRS,EDDF,1672659170
1672655100.0,EGLC,EDDF,1672659044
1672654801.0,,EDDF,1672658997
1672654113.0,LFML,EDDF,1672658908
1672638409.0,OTHH,EDDF,1672658833
1672654898.0,LOWW,EDDF,1672658694
1672655402.0,LIMC,EDDF,1672658665
1672654484.0,EGLC,EDDF,1672658530
1672651265.0,ENGM,EDDF,1672658503
1672633714.0,KJFK,EDDF,1672658428
1672653970.0,EKBI,EDDF,1672658294
1672654512.0,LSGG,EDDF,1672658098
1672655570.0,LSZH,EDDF,1672658005
1672649056.0,LPPT,EDDF,1672657978
1672651133.0,LEMD,EDDF,1672657978
1672654601.0,EDDH,EDDF,1672657887
1672655920.0,EDDS,EDDF,1672657828
1672655377.0,EDDM,EDDF,1672657692
1672624966.0,KDEN,EDDF,1672657496
1672653346.0,EGLL,EDDF,1672657478
1672652141.0,EGCC,EDDF,1672657346
1672653306.0,LJLJ,EDDF,1672657287
1672651655.0,LIRF,EDDF,1672657139
1672654452.0,EHAM,EDDF,1672657093
1672654221.0,EDDC,EDDF,1672656986
1672651032.0,LRTR,EDDF,1672656912
1672653968.0,EDDB,EDDF,1672656883
1672652640.0,EPPO,EDDF,1672656588
1672653546.0,LIML,EDDF,1672656472
1672650422.0,LEBL,EDDF,1672656437
1672649881.0,EIDW,EDDF,1672656388
1672651800.0,EKCH,EDDF,1672656292
1672654140.0,EDDL,EDDF,1672656264
1672644700.0,BIKF,EDDF,1672656134
1672652949.0,EDDW,EDDF,1672655849
1672630542.0,CYYZ,EDDF,1672655755
1672647864.0,ESSA,EDDF,1672655608
1672652256.0,LKPR,EDDF,1672655480
1672652251.0,LFPG,EDDF,1672655458
1672653364.0,ELLX,EDDF,1672655324
1672651050.0,LOWG,EDDF,1672655208
,,EDDF,1672655189
1672630590.0,KEWR,EDDF,1672654971
1672622872.0,KIAH,EDDF,1672654935
1672651057.0,,EDDF,1672654797
1672652836.0,EDDN,EDDF,1672654698
1672629360.0,KIAD,EDDF,1672654637
1672649147.0,EPWA,EDDF,1672654548
1672650702.0,EGLL,EDDF,1672654463
1672651526.0,EDDH,EDDF,1672654357
1672651931.0,EDDV,EDDF,1672654243
1672649703.0,EGBB,EDDF,1672654134
1672651792.0,EDDM,EDDF,1672653998
1672651681.0,EDDM,EDDF,1672653912
1672623170.0,,EDDF,1672653744
1672646235.0,LEMD,EDDF,1672653658
1672622574.0,,EDDF,1672653607
1672645220.0,EFHK,EDDF,1672653505
1672650281.0,EDDB,EDDF,1672653341
1672640804.0,,EDDF,1672653336
1672622290.0,CYYC,EDDF,1672653190
1672649863.0,LIMC,EDDF,1672652965
1672617617.0,,EDDF,1672652932
1672647699.0,EPWA,EDDF,1672652795
1672648789.0,EGLL,EDDF,1672652479
1672647698.0,LDZL,EDDF,1672652028
1672642025.0,LTFM,EDDF,1672651804
1672647750.0,LOWW,EDDF,1672651735
1672638214.0,,EDDF,1672651589
1672625646.0,,EDDF,1672651401
1672619932.0,,EDDF,1672651225
1672622349.0,KMCO,EDDF,1672651105
1672643066.0,LROP,EDDF,1672650988
1672627274.0,KJFK,EDDF,1672650705
1672619646.0,,EDDF,1672650507
1672620359.0,,EDDF,1672650266
1672618207.0,,EDDF,1672650017
1672647399.0,EDDM,EDDF,1672649788
1672646854.0,EDDB,EDDF,1672649636
1672645182.0,EGLL,EDDF,1672649571
1672643780.0,EIDW,EDDF,1672649423
1672646340.0,EHAM,EDDF,1672649330
1672618937.0,VIDP,EDDF,1672649061
1672643043.0,EPWA,EDDF,1672648909
1672636434.0,,EDDF,1672648845
1672640993.0,LPPR,EDDF,1672648732
1672642634.0,EGCC,EDDF,1672648552
1672644463.0,EGLL,EDDF,1672648498
1672618601.0,KATL,EDDF,1672648368
1672645237.0,LFPG,EDDF,1672648355
1672641493.0,LEMD,EDDF,1672648247
1672633921.0,LLBG,EDDF,1672648069
1672645265.0,EHAM,EDDF,1672647973
1672624255.0,KJFK,EDDF,1672647747
1672641575.0,EGPH,EDDF,1672647419
1672644279.0,LIMC,EDDF,1672647133
1672638355.0,EVRA,EDDF,1672647047
1672619992.0,KORD,EDDF,1672646939
1672641534.0,LYBE,EDDF,1672646909
1672636973.0,LGAV,EDDF,1672646775
1672642243.0,EGLL,EDDF,1672646513
1672617604.0,,EDDF,1672646489
1672641208.0,LIRF,EDDF,1672646388
1672640638.0,EPWA,EDDF,1672646305
1672643283.0,LKPR,EDDF,1672646298
1672619266.0,KORD,EDDF,1672646279
1672637154.0,EFHK,EDDF,1672646247
1672639957.0,ENZV,EDDF,1672646183
1672643904.0,EDDM,EDDF,1672646098
1672622705.0,KEWR,EDDF,1672646043
1672641345.0,EGBB,EDDF,1672646008
1672643200.0,EHAM,EDDF,1672645979
1672632337.0,,EDDF,1672645911
1672640078.0,,EDDF,1672645799
1672638464.0,ESSA,EDDF,1672645752
1672637223.0,LPPT,EDDF,1672645704
1672633788.0,,EDDF,1672645611
1672631103.0,LLBG,EDDF,1672645490
1672638553.0,LEMD,EDDF,1672645467
1672631375.0,,EDDF,1672645195
1672639288.0,ESGG,EDDF,1672645047
1672623299.0,,EDDF,1672644835
1672641522.0,EDDH,EDDF,1672644799
1672641698.0,LFPG,EDDF,1672644688
1672639542.0,EPGD,EDDF,1672644659
1672637532.0,ENGM,EDDF,1672644612
1672640829.0,LOWW,EDDF,1672644538
1672639762.0,LDZA,EDDF,1672644477
1672633084.0,LTAC,EDDF,1672644288
1672640213.0,LIPZ,EDDF,1672644267
1672637691.0,ENBR,EDDF,1672644234
1672640303.0,,EDDF,1672644128
1672641108.0,LFPG,EDDF,1672644111
1672638075.0,LEBL,EDDF,1672643953
1672640809.0,LSGG,EDDF,1672643934
1672617605.0,,EDDF,1672643848
,,EDDF,1672643848
1672635656.0,,EDDF,1672643723
1672617604.0,,EDDF,1672643669
1672640168.0,LFLL,EDDF,1672643578
1672639165.0,LIPE,EDDF,1672643457
1672617605.0,,EDDF,1672643395
1672639169.0,EKBI,EDDF,1672643305
1672636344.0,,EDDF,1672643276
1672637626.0,EIDW,EDDF,1672643248
1672640885.0,EDDM,EDDF,1672642912
1672640391.0,EBBR,EDDF,1672642722
1672637365.0,LFBO,EDDF,1672642675
1672637261.0,LHBP,EDDF,1672642645
1672617605.0,,EDDF,1672642555
1672639435.0,LIML,EDDF,1672642508
1672638266.0,LDZA,EDDF,1672642439
1672638055.0,LIPQ,EDDF,1672642287
1672638141.0,EKCH,EDDF,1672642259
1672634523.0,LROP,EDDF,1672642076
1672639299.0,LOWI,EDDF,1672641914
1672617603.0,KJYO,EDDF,1672641717
1672637256.0,LOWW,EDDF,1672641589
1672617677.0,KEWR,EDDF,1672641569
1672638174.0,EDDB,EDDF,1672641555
1672637974.0,LIML,EDDF,1672641502
1672637264.0,,EDDF,1672641491
1672638652.0,EDDP,EDDF,1672641428
1672630182.0,,EDDF,1672641416
1672633978.0,,EDDF,1672641401
1672638965.0,LSZM,EDDF,1672641356
1672622111.0,,EDDF,1672641266
1672626365.0,,EDDF,1672641102
1672617606.0,,EDDF,1672641088
1672637723.0,LOWS,EDDF,1672641029
1672633443.0,EVRA,EDDF,1672641025
1672636536.0,LIMF,EDDF,1672640993
1672636867.0,LOWG,EDDF,1672640787
1672638568.0,ELLX,EDDF,1672640727
1672638293.0,EDDS,EDDF,1672640668
1672637867.0,EDDW,EDDF,1672640637
1672617619.0,,EDDF,1672640569
1672632159.0,,EDDF,1672640518
1672638526.0,EDDG,EDDF,1672640511
1672630455.0,LTFM,EDDF,1672640338
1672636455.0,LIPX,EDDF,1672640241
1672638441.0,EDDL,EDDF,1672640176
1672633984.0,EIDW,EDDF,1672640145
1672629432.0,,EDDF,1672640069
1672637703.0,EDDV,EDDF,1672639906
1672636363.0,LOWL,EDDF,1672639788
1672636444.0,EDDH,EDDF,1672639764
1672637900.0,EDDF,EDDF,1672639727
1672617603.0,,EDDF,1672639392
1672617613.0,,EDDF,1672639099
1672629432.0,,EDDF,1672639079
1672617619.0,,EDDF,1672639010
1672624476.0,,EDDF,1672638898
1672617635.0,,EDDF,1672638612
1672636875.0,EDDN,EDDF,1672638502
1672624645.0,,EDDF,1672638298
1672617619.0,,EDDF,1672638137
1672624333.0,OLBA,EDDF,1672638082
1672617605.0,,EDDF,1672637890
1672617604.0,,EDDF,1672637747
1672617605.0,,EDDF,1672637565
1672617617.0,,EDDF,1672637393
1672617791.0,,EDDF,1672637087
1672627375.0,,EDDF,1672636946
1672625658.0,,EDDF,1672636730
1672617604.0,,EDDF,1672636375
1672625928.0,,EDDF,1672636139
1672628744.0,,EDDF,1672636036
1672622516.0,,EDDF,1672635983
1672621792.0,,EDDF,1672635779
1672623523.0,,EDDF,1672635323
1672628143.0,,EDDF,1672635110
1672627799.0,,EDDF,1672634634
1672621049.0,,EDDF,1672634478
1672623776.0,,EDDF,1672634305
1672623133.0,,EDDF,1672634186
1672622735.0,,EDDF,1672633873
1672622214.0,,EDDF,1672633615
1672625956.0,,EDDF,1672633556
1672618328.0,,EDDF,1672633534
1672621970.0,,EDDF,1672633431
1672625925.0,,EDDF,1672633106
1672625187.0,,EDDF,1672633068
1672626491.0,,EDDF,1672632858
1672624852.0,,EDDF,1672632800
1672620926.0,,EDDF,1672632598
1672625092.0,,EDDF,1672632299
1672602937.0,EPWA,EDDF,1672608688
1672605906.0,EDDP,EDDF,1672608553
1672596937.0,,EDDF,1672608512
1672605579.0,EHAM,EDDF,1672608276
1672596374.0,LPMA,EDDF,1672608005
1672606522.0,EDDF,EDDF,1672607918
1672604190.0,EGLL,EDDF,1672607871
1672598680.0,LPPT,EDDF,1672607252
1672600506.0,LEMD,EDDF,1672607252
1672602825.0,LOWW,EDDF,1672606938
1672603156.0,LFPG,EDDF,1672606256
1672596590.0,LTFM,EDDF,1672606097
1672571015.0,EDDF,EDDF,1672605902
1672599090.0,ENZV,EDDF,1672604739
1672597212.0,ESSA,EDDF,1672604315
1672591060.0,,EDDF,1672604173
1672601711.0,EDDM,EDDF,1672603799
1672597380.0,,EDDF,1672602975
1672598679.0,EGLL,EDDF,1672602359
1672595493.0,ENGM,EDDF,1672602326
1672590480.0,LPMA,EDDF,1672602230
1672596345.0,EIDW,EDDF,1672602206
1672596226.0,LIRF,EDDF,1672602064
1672589545.0,,EDDF,1672602042
1672595709.0,ESMQ,EDDF,1672601819
1672596840.0,,EDDF,1672601745
1672597007.0,EGCC,EDDF,1672601609
1672597623.0,LSGG,EDDF,1672601354
1672595822.0,ESGG,EDDF,1672601273
1672598198.0,EHAM,EDDF,1672601188
1672597185.0,LOWW,EDDF,1672601079
1672594509.0,LEPA,EDDF,1672600908
1672596816.0,EKCH,EDDF,1672600748
1672594334.0,LEBL,EDDF,1672600666
1672596859.0,LFLL,EDDF,1672600528
1672589242.0,,EDDF,1672600453
1672597447.0,LFPG,EDDF,1672600328
1672597806.0,LSZH,EDDF,1672600312
1672596979.0,LKPR,EDDF,1672600074
1672592140.0,LPPR,EDDF,1672600074
1672587437.0,,EDDF,1672600073
1672595606.0,LFML,EDDF,1672599991
1672590341.0,EFHK,EDDF,1672599980
1672565144.0,EDDF,EDDF,1672599939
1672596993.0,EDDH,EDDF,1672599824
1672591151.0,LEMG,EDDF,1672599796
1672589942.0,LTFM,EDDF,1672599715
1672593767.0,,EDDF,1672599593
1672595612.0,EGLL,EDDF,1672599478
1672594893.0,EPKK,EDDF,1672599448
1672565123.0,EDDF,EDDF,1672599386
1672596486.0,EDDB,EDDF,1672599297
1672596016.0,LIMC,EDDF,1672599239
1672589465.0,LGAV,EDDF,1672599090
1672566231.0,EDDF,EDDF,1672598946
1672596070.0,LOWS,EDDF,1672598939
1672594066.0,LFBD,EDDF,1672598858
1672594071.0,,EDDF,1672598728
1672596085.0,EDDW,EDDF,1672598708
1672586070.0,BIKF,EDDF,1672598689
1672596219.0,EDDV,EDDF,1672598601
1672556575.0,VTBS,EDDF,1672598597
1672594440.0,LFRS,EDDF,1672598499
1672594155.0,EKCH,EDDF,1672598489
1672595511.0,EHAM,EDDF,1672598182
1672589709.0,LROP,EDDF,1672598089
1672589076.0,EETN,EDDF,1672598060
1672593335.0,LDZL,EDDF,1672597999
1672596101.0,ELLX,EDDF,1672597949
1672594625.0,LFPG,EDDF,1672597944
1672596438.0,EDDS,EDDF,1672597859
1672595978.0,EDDL,EDDF,1672597830
1672595981.0,EDDN,EDDF,1672597656
1672591503.0,LYBE,EDDF,1672597515
1672590667.0,ENGM,EDDF,1672597408
1672594501.0,EDDB,EDDF,1672597321
1672594053.0,LSGG,EDDF,1672597289
1672550981.0,,EDDF,1672597197
1672541381.0,VTBS,EDDF,1672597036
1672594365.0,LSZH,EDDF,1672596808
1672545462.0,RJTT,EDDF,1672596741
1672594399.0,EBBR,EDDF,1672596653
1672583209.0,LCLK,EDDF,1672596537
1672592642.0,EGLC,EDDF,1672596471
1672590293.0,EIDW,EDDF,1672596357
1672585706.0,,EDDF,1672596297
1672571594.0,,EDDF,1672596148
1672587930.0,LPPT,EDDF,1672596106
1672584490.0,,EDDF,1672595937
1672591624.0,EGLL,EDDF,1672595844
1672590023.0,EPWA,EDDF,1672595669
1672589313.0,LEBL,EDDF,1672595328
1672591894.0,LIML,EDDF,1672595226
1672592941.0,EDDM,EDDF,1672595185
1672587679.0,ESSA,EDDF,1672595005
1672586626.0,EVRA,EDDF,1672594857
1672585687.0,EFHK,EDDF,1672594853
1672591020.0,LOWW,EDDF,1672594792
1672591303.0,LIML,EDDF,1672594615
1672587936.0,LEMD,EDDF,1672594460
1672586886.0,LEMD,EDDF,1672593647
1672569995.0,,EDDF,1672593442
1672571701.0,OTHH,EDDF,1672593136
1672544760.0,SBKP,EDDF,1672593032
1672580324.0,,EDDF,1672592881
1672580566.0,,EDDF,1672592729
1672562845.0,VIDP,EDDF,1672592566
1672578006.0,LLBG,EDDF,1672592410
1672561111.0,VIDP,EDDF,1672592294
1672587798.0,EGLL,EDDF,1672591967
1672586371.0,EGCC,EDDF,1672591945
1672481668.0,KLAX,EDDF,1672591737
1672588850.0,EHAM,EDDF,1672591675
1672560216.0,,EDDF,1672591439
1672567513.0,,EDDF,1672591308
1672579805.0,,EDDF,1672591135
1672578520.0,,EDDF,1672590855
1672583316.0,LEMD,EDDF,1672590659
1672543776.0,RKSI,EDDF,1672590536
1672560295.0,,EDDF,1672590412
1672545270.0,,EDDF,1672590075
1672568652.0,OTHH,EDDF,1672590043
1672584942.0,LIPB,EDDF,1672589711
1672581435.0,LGTS,EDDF,1672589576
1672537120.0,RJTT,EDDF,1672589479
1672541680.0,,EDDF,1672589058
1672586706.0,EDDM,EDDF,1672588945
1672558061.0,,EDDF,1672588819
1672537302.0,RJAA,EDDF,1672588798
1672565652.0,OMDW,EDDF,1672588609
1672584279.0,EGBB,EDDF,1672588371
1672577792.0,LTFM,EDDF,1672587889
1672555279.0,KDEN,EDDF,1672587699
1672582650.0,LHBP,EDDF,1672587679
1672576435.0,LTAC,EDDF,1672587359
1672579471.0,EYVI,EDDF,1672587348
1672578773.0,EVRA,EDDF,1672587164
1672581364.0,EPWA,EDDF,1672587061
1672576215.0,GMMN,EDDF,1672586998
1672578217.0,LPPT,EDDF,1672586837
1672578123.0,LEZL,EDDF,1672586657
1672578885.0,ESSA,EDDF,1672586575
1672577806.0,LMML,EDDF,1672586548
1672582809.0,LIPZ,EDDF,1672586459
1672580991.0,ESGG,EDDF,1672586326
1672555495.0,,EDDF,1672586082
1672582954.0,EDDH,EDDF,1672586009
1672579762.0,LEBL,EDDF,1672586009
1672576613.0,LGAV,EDDF,1672585903
1672583042.0,EHAM,EDDF,1672585829
1672580612.0,,EDDF,1672585409
1672581609.0,EGLL,EDDF,1672585305
1672583462.0,EDDL,EDDF,1672585133
1672578933.0,LIBD,EDDF,1672584982
1672577310.0,LPPR,EDDF,1672584846
1672577722.0,LEMD,EDDF,1672584736
1672577470.0,LBSF,EDDF,1672584667
1672581071.0,LFPG,EDDF,1672584586
1672580766.0,LIPX,EDDF,1672584418
1672576431.0,,EDDF,1672584312
1672580680.0,LIMF,EDDF,1672584147
1672579897.0,,EDDF,1672583965
1672555973.0,KATL,EDDF,1672583925
1672573942.0,EFHK,EDDF,1672583869
1672581201.0,EHAM,EDDF,1672583599
1672576446.0,ENGM,EDDF,1672583567
1672579830.0,LOWL,EDDF,1672583393
1672579413.0,LOWW,EDDF,1672583330
1672576840.0,,EDDF,1672583083
1672580584.0,LSZM,EDDF,1672583030
1672579839.0,LOWS,EDDF,1672582793
1672580342.0,LOWI,EDDF,1672582785
1672577335.0,EGPH,EDDF,1672582499
1672579685.0,EDDC,EDDF,1672582409
1672580807.0,EDDS,EDDF,1672582277
1672576050.0,EGPF,EDDF,1672582181
1672580192.0,ELLX,EDDF,1672582067
1672580365.0,EDDN,EDDF,1672582016
1672579636.0,EDDM,EDDF,1672581869
1672546521.0,MMMX,EDDF,1672581597
1672578723.0,EDDB,EDDF,1672581502
1672576763.0,EKCH,EDDF,1672581385
1672575882.0,EIDW,EDDF,1672581054
1672574576.0,ENBR,EDDF,1672580938
1672575313.0,,EDDF,1672580871
1672575826.0,LFBO,EDDF,1672580683
1672577594.0,LIML,EDDF,1672580579
1672574502.0,LEBL,EDDF,1672580483
1672543541.0,KSFO,EDDF,1672580456
1672541343.0,,EDDF,1672580362
1672490601.0,EDDF,EDDF,1672580264
1672573907.0,ENZV,EDDF,1672579765
1672532290.0,RKSI,EDDF,1672579735
1672557381.0,,EDDF,1672579588
1672569633.0,LTFJ,EDDF,1672579489
1672574820.0,EGLL,EDDF,1672578355
1672574768.0,LIPZ,EDDF,1672578256
1672571723.0,LEPA,EDDF,1672578028
1672567893.0,LTFM,EDDF,1672578027
1672567580.0,,EDDF,1672577748
1672565714.0,,EDDF,1672576827
1672573701.0,EHAM,EDDF,1672576229
1672568317.0,DAAG,EDDF,1672575929
1672548438.0,KORD,EDDF,1672575652
1672563875.0,,EDDF,1672574983
1672500985.0,LFPG,EDDF,1672574848
1672563671.0,,EDDF,1672574665
1672570852.0,EGLL,EDDF,1672574575
1672572051.0,LSZH,EDDF,1672574424
1672572030.0,EDDM,EDDF,1672574299
1672553970.0,OKBK,EDDF,1672574158
1672570205.0,LOWW,EDDF,1672573968
1672551374.0,,EDDF,1672573799
1672552058.0,OTHH,EDDF,1672573648
1672563598.0,LTFJ,EDDF,1672573437
1672562093.0,,EDDF,1672573287
1672563616.0,,EDDF,1672572982
1672570655.0,EBMB,EDDF,1672572830
1672571760.0,EDFL,EDDF,1672572713
1672561910.0,,EDDF,1672572509
1672569288.0,LSZH,EDDF,1672572399
1672568825.0,LSGG,EDDF,1672572268
1672569840.0,LSZH,EDDF,1672572178
1672569170.0,LFPG,EDDF,1672572175
1672568324.0,LFLL,EDDF,1672571844
1672567123.0,EKBI,EDDF,1672571366
1672567606.0,EGLL,EDDF,1672571216
1672462438.0,KORD,EDDF,1672571189
1672562492.0,LPPT,EDDF,1672571126
1672568174.0,EDDH,EDDF,1672571067
1672559566.0,BIKF,EDDF,1672570736
1672567016.0,LIML,EDDF,1672570607
1672565991.0,EKCH,EDDF,1672570578
1672566756.0,LIPZ,EDDF,1672570518
1672567552.0,EDDB,EDDF,1672570439
1672563782.0,LEBL,EDDF,1672570313
1672567449.0,EHAM,EDDF,1672570147
1672564863.0,LIRF,EDDF,1672570137
1672561575.0,ESSA,EDDF,1672569983
1672533674.0,KSFO,EDDF,1672569876
1672488277.0,EDDF,EDDF,1672569736
1672557796.0,,EDDF,1672569629
1672534365.0,MMUN,EDDF,1672569567
1672533381.0,KSFO,EDDF,1672569454
1672567355.0,EDDL,EDDF,1672569326
1672538378.0,CYYC,EDDF,1672569239
1672565075.0,LOWW,EDDF,1672569051
1672560461.0,LEJR,EDDF,1672569026
1672563204.0,EIDW,EDDF,1672568689
1672566470.0,EDDV,EDDF,1672568653
1672565646.0,LKPR,EDDF,1672568531
1672564418.0,,EDDF,1672568517
1672564030.0,EGGD,EDDF,1672568411
1672556713.0,,EDDF,1672568369
1672564059.0,LOWG,EDDF,1672568125
1672542296.0,KIAD,EDDF,1672567974
1672543401.0,KEWR,EDDF,1672567874
1672533045.0,MMUN,EDDF,1672567857
1672542900.0,CYYZ,EDDF,1672567689
1672563405.0,EGBB,EDDF,1672567602
1672564230.0,EDDH,EDDF,1672567278
1672563850.0,LFPG,EDDF,1672567249
1672564870.0,EDDM,EDDF,1672566986
1672535319.0,KIAH,EDDF,1672566880
1672542842.0,KJFK,EDDF,1672566652
1672563464.0,EDDB,EDDF,1672566596
1672559555.0,LEMD,EDDF,1672566374
1672562470.0,EGLL,EDDF,1672566316
1672540014.0,KORD,EDDF,1672566021
1672560901.0,LDZA,EDDF,1672565877
1672535651.0,KFMY,EDDF,1672565680
1672559221.0,,EDDF,1672565562
1672554869.0,LTFJ,EDDF,1672565518
1672490354.0,EDDF,EDDF,1672565305
1672551136.0,OLBA,EDDF,1672565168
1672521716.0,,EDDF,1672565062
1672544075.0,,EDDF,1672564738
1672555550.0,LGAV,EDDF,1672564698
1672560730.0,LOWW,EDDF,1672564438
1672554347.0,LTFM,EDDF,1672563738
1672534194.0,KMCO,EDDF,1672563293
1672555001.0,LEMD,EDDF,1672562689
1672559262.0,LFPG,EDDF,1672562573
1672557083.0,EIDW,EDDF,1672562545
1672556486.0,EPWA,EDDF,1672562305
1672530623.0,,EDDF,1672562061
1672559071.0,EHAM,EDDF,1672561940
1672552415.0,EFHK,EDDF,1672561709
1672557771.0,EGLL,EDDF,1672561542
1672537255.0,KJFK,EDDF,1672561438
1672557684.0,LOWW,EDDF,1672561396
1672524815.0,,EDDF,1672561180
1672553627.0,LPPR,EDDF,1672561138
1672528179.0,,EDDF,1672560570
1672524964.0,KSEA,EDDF,1672560478
1672557500.0,LIMC,EDDF,1672560446
1672528515.0,,EDDF,1672560060
1672557740.0,EDDM,EDDF,1672559959
1672528353.0,KDEN,EDDF,1672559615
1672525760.0,VOBL,EDDF,1672559612
1672528206.0,,EDDF,1672559609
1672555844.0,EGLL,EDDF,1672559595
1672525805.0,CYVR,EDDF,1672559449
1672556034.0,EDDB,EDDF,1672559008
1672550331.0,LPPT,EDDF,1672558908
1672555462.0,EDDH,EDDF,1672558878
1672555083.0,LFPG,EDDF,1672558695
1672555585.0,LFPG,EDDF,1672558679
1672534786.0,KEWR,EDDF,1672558520
1672554021.0,LFLL,EDDF,1672558226
1672550708.0,LEMD,EDDF,1672558040
1672554157.0,LSGG,EDDF,1672557929
1672530967.0,KORD,EDDF,1672557800
1672525480.0,KDFW,EDDF,1672557741
1672553383.0,LIPZ,EDDF,1672557734
1672547527.0,,EDDF,1672557617
1672550830.0,ENBR,EDDF,1672557385
1672550501.0,ENGM,EDDF,1672557059
1672549670.0,EYVI,EDDF,1672556996
1672553389.0,LSZH,EDDF,1672556835
1672550194.0,LEBL,EDDF,1672556564
1672530800.0,CYYZ,EDDF,1672556509
1672548176.0,LROP,EDDF,1672556425
