,icao24,callsign,origin_country,time_position,last_contact,last_contact_utc,longitude,latitude,geo_altitude,on_ground,velocity,true_track,vertical_rate,baro_altitude,squawk,category
33,7c6b38,JST767  ,Australia,1728961127.0,1728961127,2024-10-15 02:58:47+00:00,150.0105,-34.3734,6903.72,False,221.36,75.19,-11.7,6690.36,4265,1
43,aaa6e4,AVA217  ,United States,1728961127.0,1728961127,2024-10-15 02:58:47+00:00,-58.5975,-34.8112,289.56,False,75.27,102.23,-3.9,205.74,2272,6
116,adda1e,AAL2113 ,United States,1728961128.0,1728961128,2024-10-15 02:58:48+00:00,-95.1111,41.6948,11178.54,False,214.8,263.67,0.0,10972.8,3165,1
178,a247f0,SKW4142 ,United States,1728961127.0,1728961127,2024-10-15 02:58:47+00:00,-77.071,43.251,3550.92,False,186.45,100.81,-6.83,3657.6,2222,4
226,a091f3,EDV4901 ,United States,1728961127.0,1728961127,2024-10-15 02:58:47+00:00,-90.0782,37.4846,10591.8,False,203.26,256.39,0.33,10363.2,2001,4
236,a3ed91,AAL310  ,United States,1728961127.0,1728961128,2024-10-15 02:58:48+00:00,-80.9171,34.9996,1295.4,False,108.99,354.85,-0.98,1287.78,3354,4
314,3c5424,BCS5546 ,Germany,1728961128.0,1728961128,2024-10-15 02:58:48+00:00,13.9024,51.7905,8282.94,False,248.19,78.64,0.0,8229.6,1000,1
315,3c5429,BCS41E  ,Germany,1728961127.0,1728961127,2024-10-15 02:58:47+00:00,-1.9971,42.2926,10462.26,False,222.02,206.27,-0.33,10058.4,7131,1
318,a35605,DAL2859 ,United States,1728961128.0,1728961128,2024-10-15 02:58:48+00:00,-93.2955,41.2838,10789.92,False,253.24,78.87,0.33,10668.0,2072,4
322,3c5434,BCS6YG  ,Germany,1728961128.0,1728961128,2024-10-15 02:58:48+00:00,8.9371,45.3639,1318.26,False,120.75,201.76,-5.85,1196.34,2244,1
324,3c542b,BCS7510 ,Germany,1728961128.0,1728961128,2024-10-15 02:58:48+00:00,11.0172,46.5132,10027.92,False,234.44,189.09,-9.75,9654.54,1000,1
340,3c542e,BCS7836 ,Germany,1728961127.0,1728961127,2024-10-15 02:58:47+00:00,12.1005,51.2355,4213.86,False,204.33,124.33,11.7,4122.42,4356,1
341,3c542c,BCS8PA  ,Germany,1728961128.0,1728961128,2024-10-15 02:58:48+00:00,3.981,51.9369,10629.9,False,195.36,266.38,0.0,10363.2,4162,1
419,7c6c52,VOZ518  ,Australia,1728961127.0,1728961127,2024-10-15 02:58:47+00:00,151.1858,-31.8913,11795.76,False,214.85,201.34,0.0,11582.4,1050,1
436,ad574f,AAL378  ,United States,1728961090.0,1728961090,2024-10-15 02:58:10+00:00,-85.3737,27.3893,11574.78,False,211.81,294.39,0.0,10972.8,7463,1
469,7c6c94,JST411  ,Australia,1728961127.0,1728961128,2024-10-15 02:58:48+00:00,151.1708,-32.8129,6995.16,False,208.24,193.86,-13.33,6781.8,1033,1
472,3c6569,DLH631  ,Germany,1728961127.0,1728961127,2024-10-15 02:58:47+00:00,16.238,46.034,11932.92,False,190.65,316.09,0.0,11582.4,6220,1
497,ada5ee,JBU1387 ,United States,1728961127.0,1728961128,2024-10-15 02:58:48+00:00,-81.2754,44.7267,9425.94,False,219.0,275.12,0.0,9753.6,7333,4
511,a3ee0b,UPS1345 ,United States,1728961128.0,1728961128,2024-10-15 02:58:48+00:00,-81.781,30.4791,12405.36,False,238.61,353.69,0.0,11894.82,7420,6
528,a08bb4,SKW5272 ,United States,1728961128.0,1728961128,2024-10-15 02:58:48+00:00,-105.8814,39.9846,7391.4,False,198.93,273.41,4.23,7025.64,1410,4
570,a88ccf,AAL2082 ,United States,1728961127.0,1728961127,2024-10-15 02:58:47+00:00,-82.3412,29.6096,9349.74,False,227.48,185.71,-5.2,8877.3,4410,4
582,c0360e,WJA445  ,Canada,1728961127.0,1728961127,2024-10-15 02:58:47+00:00,-81.8792,45.0526,10043.16,False,221.44,312.18,0.0,10363.2,2264,1
611,ac22c5,AAL2047 ,United States,1728961045.0,1728961045,2024-10-15 02:57:25+00:00,-77.9464,32.4318,10134.6,False,211.24,196.85,0.0,9753.6,1122,4
646,0d0a9a,AMX029  ,Mexico,1728961127.0,1728961127,2024-10-15 02:58:47+00:00,-58.9929,-34.3501,7376.16,False,218.75,325.64,8.78,7071.36,0464,6
688,a8d206,AAL2660 ,United States,1728961127.0,1728961127,2024-10-15 02:58:47+00:00,-112.7084,34.8307,8214.36,False,244.13,124.09,-5.2,7833.36,6662,4
758,7c6d75,JST941  ,Australia,1728961128.0,1728961128,2024-10-15 02:58:48+00:00,144.8522,-37.746,487.68,False,84.76,351.62,-3.58,411.48,1225,1
772,a58c2e,ASA1238 ,United States,1728961127.0,1728961127,2024-10-15 02:58:47+00:00,-122.3174,47.5141,411.48,False,75.62,180.0,-3.58,373.38,6017,1
793,adb723,JBU333  ,United States,1728961127.0,1728961128,2024-10-15 02:58:48+00:00,-95.8654,43.8943,10477.5,False,223.45,249.94,0.0,10355.58,1121,4
799,7c6d9f,QFA878  ,Australia,1728961128.0,1728961128,2024-10-15 02:58:48+00:00,151.8219,-30.2454,11551.92,False,244.49,46.02,0.0,11277.6,1474,1
830,452051,BCS138  ,Bulgaria,1728961128.0,1728961128,2024-10-15 02:58:48+00:00,9.5841,48.5129,10043.16,False,219.0,197.5,-0.33,9738.36,1000,1
842,ad4105,AAL1394 ,United States,1728961127.0,1728961127,2024-10-15 02:58:47+00:00,-87.4327,36.569,11209.02,False,207.9,245.59,0.0,10972.8,3250,4
844,7c6d99,QFA903  ,Australia,1728961127.0,1728961127,2024-10-15 02:58:47+00:00,152.7195,-28.551,11902.44,False,209.21,201.64,-0.33,11574.78,1036,1
852,adc8ee,DAL1539 ,United States,1728961128.0,1728961128,2024-10-15 02:58:48+00:00,-87.8651,34.7018,11003.28,False,268.59,100.71,0.0,10668.0,2143,1
867,abc573,DAL682  ,United States,1728961127.0,1728961127,2024-10-15 02:58:47+00:00,-109.6951,39.1296,10805.16,False,249.6,275.44,-0.33,10363.2,1102,1
890,7c6d39,VOZ943  ,Australia,1728961128.0,1728961128,2024-10-15 02:58:48+00:00,152.5411,-30.9038,11536.68,False,235.58,14.67,0.0,11277.6,1345,1
891,7c6d2f,VOZ1037 ,Australia,1728961064.0,1728961067,2024-10-15 02:57:47+00:00,153.0466,-26.5507,327.66,False,80.05,142.84,-3.9,213.36,1536,1
892,7c6d2e,VOZ523  ,Australia,1728961127.0,1728961127,2024-10-15 02:58:47+00:00,151.5685,-33.5294,6316.98,False,227.78,17.62,11.05,6149.34,1314,1
900,7c6d29,VOZ557  ,Australia,1728961127.0,1728961127,2024-10-15 02:58:47+00:00,138.2456,-36.3181,11277.6,False,217.9,272.98,-1.63,11132.82,3653,1
927,89611d,UAE332  ,United Arab Emirates,1728961127.0,1728961127,2024-10-15 02:58:47+00:00,87.6361,24.8098,10668.0,False,280.0,109.2,0.0,10058.4,6524,1
947,7c7ef0,CFH21   ,Australia,1728961127.0,1728961128,2024-10-15 02:58:48+00:00,151.1347,-31.807,4434.84,False,120.08,340.48,0.0,4267.2,4765,7
1048,a842e7,QXE2241 ,United States,1728961128.0,1728961128,2024-10-15 02:58:48+00:00,-122.2995,47.738,1691.64,False,112.04,206.45,-5.53,1623.06,4702,4
1072,a67883,JBU706  ,United States,1728961127.0,1728961128,2024-10-15 02:58:48+00:00,-77.7123,36.5239,10858.5,False,251.0,15.57,0.0,10652.76,7015,4
1091,ab38a1,DAL2733 ,United States,1728961127.0,1728961127,2024-10-15 02:58:47+00:00,-74.0888,40.5771,1341.12,False,85.86,45.97,-4.55,1417.32,3013,4
1135,a64ab2,VOC5192 ,United States,1728961127.0,1728961127,2024-10-15 02:58:47+00:00,-116.5588,33.0965,8366.76,False,209.56,294.05,-10.4,7924.8,4762,1
1137,7c0bd0,CMA     ,Australia,1728961127.0,1728961127,2024-10-15 02:58:47+00:00,153.462,-28.4235,2583.18,False,88.55,189.02,-0.33,2415.54,1214,2
1160,abbedb,AAL1369 ,United States,1728961127.0,1728961127,2024-10-15 02:58:47+00:00,-92.9372,31.8999,9883.14,False,241.55,135.52,0.0,9448.8,2322,1
1161,a9fb4e,AAL1996 ,United States,1728960986.0,1728960986,2024-10-15 02:56:26+00:00,-97.0263,32.8649,251.46,False,72.02,0.41,-4.23,213.36,0756,4
1204,a6b4f7,JBU1521 ,United States,1728961128.0,1728961128,2024-10-15 02:58:48+00:00,-79.746,27.5188,4899.66,False,178.81,193.48,-8.78,4602.48,3513,4
1281,a39017,DAL905  ,United States,1728961128.0,1728961128,2024-10-15 02:58:48+00:00,-85.7741,35.0006,8633.46,False,260.88,141.89,-4.88,8397.24,0577,4
1290,aaffaa,AAL1113 ,United States,1728961128.0,1728961128,2024-10-15 02:58:48+00:00,-74.16,40.8706,868.68,False,126.42,123.88,-0.33,929.64,6650,4
1300,4007f3,BAW32   ,United Kingdom,1728961128.0,1728961128,2024-10-15 02:58:48+00:00,21.9311,46.5183,12420.6,False,214.97,299.69,-0.33,12192.0,2641,1
1303,4007f2,BAW264  ,United Kingdom,1728961127.0,1728961127,2024-10-15 02:58:47+00:00,-93.247,39.6358,10888.98,False,247.44,66.47,0.0,10668.0,5227,1
1305,4007f1,BAW2066 ,United Kingdom,1728961127.0,1728961127,2024-10-15 02:58:47+00:00,-0.4818,51.1037,990.6,False,98.88,49.43,-2.93,914.4,5561,1
1312,adc9b6,JBU133  ,United States,1728961127.0,1728961127,2024-10-15 02:58:47+00:00,-78.5119,44.4297,9441.18,False,215.88,286.19,0.33,9745.98,1432,4
1349,7380c2,ELY005  ,Israel,1728961127.0,1728961128,2024-10-15 02:58:48+00:00,1.2074,50.6698,10668.0,False,239.45,300.75,-0.33,10355.58,7530,6
1352,7380c0,ELY018  ,Israel,1728961128.0,1728961128,2024-10-15 02:58:48+00:00,31.8391,34.9986,11757.66,False,242.57,141.89,0.0,11269.98,2362,6
1380,345659,VOE2739 ,Spain,1728961127.0,1728961127,2024-10-15 02:58:47+00:00,-9.3609,40.0753,11391.9,False,229.07,17.78,0.0,10972.8,6213,1
1402,344305,IBE6824 ,Spain,1728961127.0,1728961127,2024-10-15 02:58:47+00:00,-5.9662,38.1997,11986.26,False,234.34,43.58,0.0,11590.02,6207,1
1407,a8f63b,FDX1294 ,United States,1728961127.0,1728961127,2024-10-15 02:58:47+00:00,-87.5047,35.757,9928.86,False,212.5,256.7,-12.68,9662.16,2766,6
1411,a9acb8,DAL315  ,United States,1728961127.0,1728961127,2024-10-15 02:58:47+00:00,-74.3209,41.3866,8214.36,False,186.44,306.59,5.85,8343.9,2560,5
1441,a34e40,ABX174  ,United States,1728961127.0,1728961127,2024-10-15 02:58:47+00:00,-90.8168,33.1908,10751.82,False,224.0,2.5,-0.33,10355.58,7327,1
1507,ad7ab8,JBU1823 ,United States,1728961128.0,1728961128,2024-10-15 02:58:48+00:00,-80.7884,43.3276,10096.5,False,213.73,284.07,0.0,10363.2,1615,4
1628,a95665,AAL381  ,United States,1728961128.0,1728961128,2024-10-15 02:58:48+00:00,-78.9591,36.0401,8389.62,False,256.73,37.67,0.0,8229.6,7104,4
1648,780a61,CPA255  ,China,1728961127.0,1728961127,2024-10-15 02:58:47+00:00,22.6938,43.435,11353.8,False,213.77,288.96,0.0,10972.8,3253,1
1770,a98b76,FFT2676 ,United States,1728961127.0,1728961128,2024-10-15 02:58:48+00:00,-94.5042,32.4848,9471.66,False,269.1,123.93,13.98,9044.94,5471,1
1788,7c6de2,QFA616  ,Australia,1728961128.0,1728961128,2024-10-15 02:58:48+00:00,151.3122,-30.6012,11536.68,False,248.52,41.64,0.33,11269.98,1350,1
1792,7c6de0,QFA994  ,Australia,1728961127.0,1728961127,2024-10-15 02:58:47+00:00,149.4935,-35.0152,8107.68,False,195.85,35.49,0.0,7924.8,2654,1
1795,781102,CES219  ,China,1728961128.0,1728961128,2024-10-15 02:58:48+00:00,12.6211,52.4826,11064.24,False,235.73,224.47,-0.33,10972.8,1000,6
1842,a13af4,DAL707  ,United States,1728961127.0,1728961128,2024-10-15 02:58:48+00:00,-95.4753,42.4033,11148.06,False,229.74,245.39,-0.33,10972.8,7601,6
1849,a3475e,FFT1167 ,United States,1728961127.0,1728961127,2024-10-15 02:58:47+00:00,-79.5498,35.8151,7170.42,False,199.16,258.23,0.0,7010.4,2425,1
1851,7c6db3,QFA619  ,Australia,1728961128.0,1728961128,2024-10-15 02:58:48+00:00,145.8556,-35.6215,11757.66,False,206.4,218.73,0.0,11582.4,1061,1
1852,7c6db0,QFA524  ,Australia,1728961128.0,1728961128,2024-10-15 02:58:48+00:00,152.8692,-29.9779,11010.9,False,234.5,16.96,-6.18,10706.1,0517,1
1857,7c6db9,QFA773  ,Australia,1728961127.0,1728961127,2024-10-15 02:58:47+00:00,141.5261,-37.4122,11117.58,False,213.84,276.49,0.0,10972.8,4360,1
1870,abdb35,AAL1903 ,United States,1728960856.0,1728960857,2024-10-15 02:54:17+00:00,-94.7473,39.2327,662.94,False,80.13,12.61,-4.23,624.84,2076,1
1914,a3a9b6,EDV5489 ,United States,1728961127.0,1728961127,2024-10-15 02:58:47+00:00,-73.9937,45.4685,2468.88,False,134.51,50.59,-6.18,2606.04,3607,4
1923,a239e0,UAL2176 ,United States,1728961127.0,1728961127,2024-10-15 02:58:47+00:00,-122.1689,37.3897,1455.42,False,100.99,67.22,-4.23,1394.46,4555,1
1938,a4fddb,RPA4516 ,United States,1728961127.0,1728961127,2024-10-15 02:58:47+00:00,-88.8531,39.8016,11041.38,False,182.98,273.55,0.0,10972.8,5656,4
1949,a01c37,AAL2201 ,United States,1728961127.0,1728961127,2024-10-15 02:58:47+00:00,-82.0512,41.0929,11170.92,False,273.29,74.94,0.33,11277.6,7344,1
1959,ab4ea9,CMB576  ,United States,1728961089.0,1728961097,2024-10-15 02:58:17+00:00,15.8574,39.3568,12138.66,False,221.32,309.91,0.0,11582.4,2041,6
1961,a26f79,HBAL712 ,United States,1728961128.0,1728961128,2024-10-15 02:58:48+00:00,149.5651,-35.5592,19644.36,False,1.54,180.0,0.0,18684.24,4453,10
1972,a39630,DAL975  ,United States,1728961128.0,1728961128,2024-10-15 02:58:48+00:00,-75.4203,40.2923,8907.78,False,191.77,236.82,8.45,8953.5,1640,4
2037,a9a750,AAL293  ,United States,1728961127.0,1728961128,2024-10-15 02:58:48+00:00,2.9653,50.2787,10668.0,False,231.72,303.87,0.0,10363.2,3232,1
2039,a40654,ATN3454 ,United States,1728961128.0,1728961128,2024-10-15 02:58:48+00:00,-94.5114,39.8094,11201.4,False,224.49,256.89,0.0,10988.04,6506,1
2041,7c4a09,FD613   ,Australia,1728961127.0,1728961127,2024-10-15 02:58:47+00:00,115.132,-30.8124,7528.56,False,110.8,349.84,0.0,7315.2,4307,2
2044,a3965c,FFT4404 ,United States,1728961127.0,1728961127,2024-10-15 02:58:47+00:00,-78.1526,34.5644,11597.64,False,268.55,41.66,0.33,11277.6,0045,1
2057,4ca86e,EIN124  ,Ireland,1728961127.0,1728961127,2024-10-15 02:58:47+00:00,-83.088,42.5473,11094.72,False,273.43,69.86,0.0,11277.6,6515,6
2081,ab4383,AAL2751 ,United States,1728961128.0,1728961128,2024-10-15 02:58:48+00:00,-84.1629,33.7152,1767.84,False,110.28,208.72,-2.93,1737.36,4645,1
2092,40688e,BAW2LJ  ,United Kingdom,1728961044.0,1728961044,2024-10-15 02:57:24+00:00,-65.3666,42.6742,12618.72,False,299.14,69.04,-0.65,12496.8,2741,6
2105,406890,BAW70Q  ,United Kingdom,1728961127.0,1728961127,2024-10-15 02:58:47+00:00,-74.7245,43.0531,11742.42,False,287.32,49.87,0.0,11879.58,4142,6
2127,ade66f,AAL606  ,United States,1728961128.0,1728961128,2024-10-15 02:58:48+00:00,-80.8629,27.3395,9349.74,False,245.18,340.77,0.0,8839.2,3630,1
2137,a1db3a,ABX902  ,United States,1728961127.0,1728961128,2024-10-15 02:58:48+00:00,-81.766,34.6283,12176.76,False,230.85,341.69,0.33,11887.2,4420,1
2223,a33d97,FFT2252 ,United States,1728961125.0,1728961127,2024-10-15 02:58:47+00:00,-81.3363,37.7943,11391.9,False,228.44,179.1,-0.33,11277.6,5706,1
2224,3965a3,AFR655  ,France,1728961128.0,1728961128,2024-10-15 02:58:48+00:00,12.3651,44.7811,11407.14,False,221.69,294.54,0.0,10972.8,0525,1
2255,846333,NCA225  ,Japan,1728961127.0,1728961127,2024-10-15 02:58:47+00:00,130.6567,33.5113,12839.7,False,219.02,250.37,0.33,12192.0,7033,6
2261,a009a4,AAL302  ,United States,1728961128.0,1728961128,2024-10-15 02:58:48+00:00,-114.6161,35.7645,10226.04,False,235.71,236.03,0.0,9745.98,1674,1
2322,a81a76,FDX1234 ,United States,1728961127.0,1728961127,2024-10-15 02:58:47+00:00,-114.0727,34.1272,11178.54,False,263.62,80.23,0.0,10668.0,2040,1
2374,ac382e,DAL903  ,United States,1728961127.0,1728961127,2024-10-15 02:58:47+00:00,-95.7481,37.1475,11353.8,False,217.93,292.63,0.0,10972.8,3431,4
2421,aaa96f,SWA3918 ,United States,1728961024.0,1728961024,2024-10-15 02:57:04+00:00,-96.8364,32.828,190.5,False,79.67,315.26,-3.25,152.4,1443,1
2433,a38c95,FFT4988 ,United States,1728961127.0,1728961127,2024-10-15 02:58:47+00:00,-112.5188,41.5536,5113.02,False,176.83,136.18,-5.2,4869.18,6606,1
2500,461f4c,FIN142  ,Finland,1728960929.0,1728960946,2024-10-15 02:55:46+00:00,83.9556,24.5843,12931.14,False,231.31,308.68,0.0,12192.0,6142,6
2519,ada6ed,AAL1494 ,United States,1728961126.0,1728961127,2024-10-15 02:58:47+00:00,-103.7249,34.6289,10538.46,False,252.38,100.1,0.0,10058.4,0426,1
2531,ab538b,DAL70   ,United States,1728961127.0,1728961128,2024-10-15 02:58:48+00:00,2.1043,52.1952,8473.44,False,248.35,73.14,-9.75,8221.98,6251,6
2540,a32b04,FFT3412 ,United States,1728961127.0,1728961127,2024-10-15 02:58:47+00:00,-103.0961,37.9457,11117.58,False,241.79,90.12,0.0,10668.0,6705,1
2575,abf17f,AAL2508 ,United States,1728961124.0,1728961124,2024-10-15 02:58:44+00:00,-90.5319,35.9417,10972.8,False,219.54,47.37,0.0,10668.0,3443,4
2578,addadb,JBU734  ,United States,1728961127.0,1728961127,2024-10-15 02:58:47+00:00,-79.5446,42.685,10439.4,False,269.34,87.37,0.0,10668.0,1745,4
2616,781361,CSN689  ,China,1728960728.0,1728961126,2024-10-15 02:58:46+00:00,32.4504,61.8599,11430.0,False,254.27,268.14,1.95,11582.4,3122,6
2622,abc948,FDX5342 ,United States,1728961128.0,1728961128,2024-10-15 02:58:48+00:00,2.7598,49.0336,1478.28,False,142.87,85.87,7.48,1386.84,0646,1
2641,a33272,FFT4574 ,United States,1728961128.0,1728961128,2024-10-15 02:58:48+00:00,-81.0478,34.9758,1478.28,False,117.07,175.97,-4.23,1470.66,2765,1
2703,a4c872,UPS913  ,United States,1728961128.0,1728961128,2024-10-15 02:58:48+00:00,-112.5429,34.7357,11826.24,False,243.05,71.1,0.0,11277.6,7365,5
2704,44ccc5,BEL28A  ,Belgium,1728961127.0,1728961127,2024-10-15 02:58:47+00:00,6.0013,41.7263,12085.32,False,254.18,10.38,0.0,11582.4,1000,1
2706,44ccc3,BEL4UR  ,Belgium,1728961128.0,1728961128,2024-10-15 02:58:48+00:00,4.1625,39.587,12108.18,False,258.06,8.6,0.0,11582.4,5572,1
2721,c00b9e,JZA643  ,Canada,1728961128.0,1728961128,2024-10-15 02:58:48+00:00,-73.6049,45.583,807.72,False,99.31,225.63,-4.88,899.16,0330,1
2724,7c5321,QFA19   ,Australia,1728961127.0,1728961128,2024-10-15 02:58:48+00:00,150.6016,-33.4185,7551.42,False,224.74,322.16,6.5,7345.68,1456,6
2726,a37a02,FFT3175 ,United States,1728961127.0,1728961127,2024-10-15 02:58:47+00:00,-96.9151,32.803,2476.5,False,129.42,183.87,-9.43,2339.34,1354,1
2786,ad2c19,AAL617  ,United States,1728961128.0,1728961128,2024-10-15 02:58:48+00:00,-82.2545,28.5321,4137.66,False,183.17,179.03,0.0,3924.3,0532,4
2835,abb76d,AAL523  ,United States,1728961127.0,1728961128,2024-10-15 02:58:48+00:00,-86.9215,40.6434,10919.46,False,202.18,337.09,0.0,10972.8,1355,1
2850,ac878c,EDV5476 ,United States,1728961127.0,1728961128,2024-10-15 02:58:48+00:00,-75.8328,40.8203,4046.22,False,198.48,107.97,-8.78,4145.28,1175,4
2874,780cb6,CCA981  ,China,1728961127.0,1728961127,2024-10-15 02:58:47+00:00,-74.1289,40.9146,5676.9,False,169.2,158.97,-3.9,5760.72,2707,6
2917,a70f11,JBU1594 ,United States,1728961030.0,1728961030,2024-10-15 02:57:10+00:00,-73.7,41.058,121.92,False,64.51,330.37,-3.25,167.64,1024,1
2988,a33325,AAY54   ,United States,1728961127.0,1728961127,2024-10-15 02:58:47+00:00,-104.6448,39.8844,11468.1,False,238.25,238.06,-0.33,10980.42,3674,1
3005,a52911,RPA4494 ,United States,1728961128.0,1728961128,2024-10-15 02:58:48+00:00,-74.3007,41.2879,5364.48,False,192.82,340.36,13.0,5463.54,1770,4
3048,a91a03,FDX1686 ,United States,1728960978.0,1728960979,2024-10-15 02:56:19+00:00,-80.0324,36.0224,830.58,False,62.21,46.01,-3.58,830.58,6605,6
3095,780205,CPA261  ,China,1728961128.0,1728961128,2024-10-15 02:58:48+00:00,28.0789,42.7352,11338.56,False,224.58,281.36,0.0,10972.8,3252,1
3108,406f7c,BAW28   ,United Kingdom,1728961128.0,1728961128,2024-10-15 02:58:48+00:00,23.1531,46.0228,12435.84,False,216.16,300.78,-0.33,12184.38,2643,6
3134,406f77,BAW16   ,United Kingdom,1728961127.0,1728961127,2024-10-15 02:58:47+00:00,19.7818,40.8359,12077.7,False,225.54,320.65,-0.33,11582.4,6630,6
3185,3ccd4d,IFA4330 ,Germany,1728961120.0,1728961127,2024-10-15 02:58:47+00:00,32.9063,29.1233,12115.8,False,212.96,305.26,0.0,11582.4,6145,1
3213,c051e2,ACA842  ,Canada,1728961127.0,1728961127,2024-10-15 02:58:47+00:00,-63.3336,47.4706,11612.88,False,270.7,78.16,0.0,11582.4,6340,1
3249,394a08,AFR25G  ,France,1728961128.0,1728961128,2024-10-15 02:58:48+00:00,-107.7556,36.8368,10500.36,False,273.17,72.35,0.0,10058.4,1037,1
3258,76cdaf,SIA298  ,Singapore,1728961126.0,1728961126,2024-10-15 02:58:46+00:00,147.3984,-32.558,11361.42,False,224.34,297.45,0.0,11125.2,0207,6
3299,780220,CPA251  ,China,1728961127.0,1728961127,2024-10-15 02:58:47+00:00,16.6095,44.6458,11369.04,False,212.38,284.88,0.0,10972.8,2213,1
3303,ab93a5,AAL2749 ,United States,1728961127.0,1728961127,2024-10-15 02:58:47+00:00,-87.589,32.6085,10523.22,False,271.63,77.75,-4.55,10142.22,3652,1
3315,394a0b,AFR23K  ,France,1728961127.0,1728961127,2024-10-15 02:58:47+00:00,-73.4714,44.5576,10439.4,False,281.97,60.49,0.0,10668.0,2246,1
3352,3c70b3,BCS198  ,Germany,1728961127.0,1728961127,2024-10-15 02:58:47+00:00,4.6655,45.7617,12352.02,False,205.92,238.69,0.0,11887.2,6651,1
3354,3c70b1,BCS1730 ,Germany,1728961050.0,1728961050,2024-10-15 02:57:30+00:00,5.2226,46.0252,1744.98,False,134.2,229.04,-12.03,1615.44,1000,1
3524,a707a3,JBU65   ,United States,1728961127.0,1728961128,2024-10-15 02:58:48+00:00,-89.9855,38.8415,10530.84,False,208.38,255.41,0.0,10363.2,7104,4
3562,a3aa32,UPS232  ,United States,1728961128.0,1728961128,2024-10-15 02:58:48+00:00,-2.3213,53.3804,6987.54,False,220.16,303.95,9.1,6804.66,5170,6
3563,71c042,KAL093  ,Republic of Korea,1728961056.0,1728961127,2024-10-15 02:58:47+00:00,137.2974,37.3126,9982.2,False,282.45,65.35,0.0,9448.8,4323,6
3603,a4f6a5,GTI8243 ,United States,1728961017.0,1728961017,2024-10-15 02:56:57+00:00,141.516,37.9423,10287.0,False,281.93,81.5,-0.98,9761.22,3116,1
3604,a01fee,AAL382  ,United States,1728961128.0,1728961128,2024-10-15 02:58:48+00:00,-71.9669,42.6048,5036.82,False,198.33,99.71,-9.75,5151.12,7323,1
3641,ab8f36,FDX5384 ,United States,1728961127.0,1728961127,2024-10-15 02:58:47+00:00,6.0161,50.3507,6972.3,False,245.91,112.38,12.68,6751.32,7154,6
3684,899128,CAL063  ,Taiwan,1728961127.0,1728961127,2024-10-15 02:58:47+00:00,46.1294,41.3827,12489.18,False,231.58,280.24,0.0,12192.0,2632,6
3762,06a2b4,QTR7Y   ,Qatar,1728961052.0,1728961075,2024-10-15 02:57:55+00:00,-63.4184,49.6188,10050.78,False,286.88,42.67,0.0,9448.8,3352,6
3798,a8bbbc,AAL2071 ,United States,1728961128.0,1728961128,2024-10-15 02:58:48+00:00,-79.1757,33.0668,12298.68,False,267.83,25.73,0.0,11887.2,5162,4
3811,a9eeb6,RPA3635 ,United States,1728961127.0,1728961127,2024-10-15 02:58:47+00:00,-80.0675,39.0753,9159.24,False,182.64,274.36,0.33,9144.0,5611,4
3834,a39723,EDV5078 ,United States,1728961127.0,1728961127,2024-10-15 02:58:47+00:00,-75.085,41.3563,8694.42,False,183.99,291.83,4.55,8816.34,1533,1
3873,8991a4,CAL5235 ,Taiwan,1728961127.0,1728961127,2024-10-15 02:58:47+00:00,-90.53,43.7172,12108.18,False,226.27,286.37,0.0,12192.0,2612,1
3929,a8259b,FDX1355 ,United States,1728961127.0,1728961128,2024-10-15 02:58:48+00:00,-114.9867,33.7427,11186.16,False,254.55,78.58,0.0,10675.62,1043,1
3939,4ba956,THY2AY  ,Turkey,1728961126.0,1728961127,2024-10-15 02:58:47+00:00,-89.5179,34.0524,10416.54,False,266.5,47.35,0.0,10058.4,7343,1
3947,4ba94e,THY3244 ,Turkey,1728961128.0,1728961128,2024-10-15 02:58:48+00:00,12.5433,56.242,11864.34,False,276.63,141.87,0.0,11887.2,6013,1
3948,4ba94d,THY99D  ,Turkey,1728960940.0,1728960940,2024-10-15 02:55:40+00:00,-77.4252,28.8869,10927.08,False,284.8,34.18,0.0,10363.2,6555,1
3951,abe1c2,DAL2154 ,United States,1728961128.0,1728961128,2024-10-15 02:58:48+00:00,-102.3828,31.8901,11833.86,False,246.97,89.05,0.0,11277.6,2055,4
3955,a704f9,AAL2814 ,United States,1728961126.0,1728961127,2024-10-15 02:58:47+00:00,-94.4157,37.8189,10683.24,False,218.05,278.68,0.0,10363.2,4604,4
3978,4ba947,THY55   ,Turkey,1728961127.0,1728961127,2024-10-15 02:58:47+00:00,29.2959,41.2952,3482.34,False,152.79,180.19,0.0,3002.28,2225,1
3979,4ba946,THY6    ,Turkey,1728961128.0,1728961128,2024-10-15 02:58:48+00:00,-77.991,43.5739,9784.08,False,275.73,74.3,0.0,10058.4,6236,1
3989,a06010,AAL1459 ,United States,1728961128.0,1728961128,2024-10-15 02:58:48+00:00,-114.8254,36.0735,2125.98,False,143.02,270.0,-8.45,2042.16,2305,1
3998,7c19f3,FET     ,Australia,1728961128.0,1728961128,2024-10-15 02:58:48+00:00,115.6317,-32.0324,411.48,False,59.24,267.01,0.0,434.34,1200,2
4035,a3c15d,DAL797  ,United States,1728961127.0,1728961127,2024-10-15 02:58:47+00:00,-94.4225,32.3281,10210.8,False,211.0,264.12,0.0,9753.6,0543,4
4047,ab3d17,RPA5758 ,United States,1728961128.0,1728961128,2024-10-15 02:58:48+00:00,-78.2596,37.9204,8031.48,False,181.06,221.89,-5.2,7955.28,5632,1
4092,ad8426,FDX1661 ,United States,1728961128.0,1728961128,2024-10-15 02:58:48+00:00,-104.0658,39.6388,12382.5,False,236.86,96.99,0.0,11887.2,6073,5
4100,ab3133,DAL2243 ,United States,1728961127.0,1728961127,2024-10-15 02:58:47+00:00,-110.2617,38.3609,11445.24,False,247.0,241.51,0.0,10972.8,3641,4
4107,a50cb7,RPA4526 ,United States,1728961128.0,1728961128,2024-10-15 02:58:48+00:00,-97.5893,35.5169,1043.94,False,87.46,180.0,-4.23,990.6,4036,4
4127,aab169,SWA2117 ,United States,1728961127.0,1728961127,2024-10-15 02:58:47+00:00,-87.4538,42.6666,3032.76,False,150.53,262.34,-5.85,3078.48,0702,1
4129,ac047d,ASH6063 ,United States,1728961128.0,1728961128,2024-10-15 02:58:48+00:00,-77.5216,40.8043,8122.92,False,231.75,357.33,-0.33,8229.6,2413,4
4158,aab18c,SWA826  ,United States,1728961127.0,1728961127,2024-10-15 02:58:47+00:00,-82.4761,28.7059,10431.78,False,227.17,325.52,12.68,9921.24,4406,1
4181,a4080c,UPS1017 ,United States,1728961127.0,1728961127,2024-10-15 02:58:47+00:00,-72.0095,40.9986,9113.52,False,195.33,228.42,0.0,9144.0,7577,6
4190,4408ff,TAY400  ,Austria,1728961128.0,1728961128,2024-10-15 02:58:48+00:00,18.8579,47.2959,10546.08,False,200.24,294.92,0.0,10363.2,3402,1
4213,7c4462,NSK     ,Australia,1728961128.0,1728961128,2024-10-15 02:58:48+00:00,150.7971,-33.0384,2766.06,False,91.61,181.61,0.0,2651.76,1226,2
4220,ac77d3,AAL2123 ,United States,1728961127.0,1728961128,2024-10-15 02:58:48+00:00,-118.486,34.8382,10256.52,False,240.5,299.47,0.0,9753.6,2634,1
4237,abca00,AAL1445 ,United States,1728961127.0,1728961127,2024-10-15 02:58:47+00:00,-76.2955,36.7955,716.28,False,83.25,37.72,-4.55,723.9,5763,1
4270,acfd2c,AAL550  ,United States,1728961110.0,1728961126,2024-10-15 02:58:46+00:00,-92.5149,37.144,11277.6,False,236.4,219.61,0.0,10972.8,6505,1
4273,ad7e6f,JBU1320 ,United States,1728961127.0,1728961128,2024-10-15 02:58:48+00:00,-71.356,42.5013,2903.22,False,156.66,105.82,-5.2,3032.76,2075,4
4282,ac523c,UAL1504 ,United States,1728961128.0,1728961128,2024-10-15 02:58:48+00:00,-96.2941,32.6537,12047.22,False,218.1,211.1,0.0,11559.54,0176,1
4297,aca251,FDX6257 ,United States,1728961128.0,1728961128,2024-10-15 02:58:48+00:00,4.7973,48.4536,8564.88,False,252.77,121.26,0.0,8237.22,1000,5
4306,a73b7e,SWA4111 ,United States,1728961128.0,1728961128,2024-10-15 02:58:48+00:00,-110.9347,39.233,12108.18,False,237.93,259.66,0.0,11582.4,1433,1
4320,acb59c,AAL542  ,United States,1728961128.0,1728961128,2024-10-15 02:58:48+00:00,-88.2663,35.2991,9951.72,False,251.02,79.01,7.15,9685.02,2330,1
4322,a21772,CMB548  ,United States,1728961127.0,1728961127,2024-10-15 02:58:47+00:00,-1.0001,51.2394,11521.44,False,254.84,92.2,0.33,11277.6,2012,6
4367,7c42d4,NWK1602 ,Australia,1728961127.0,1728961127,2024-10-15 02:58:47+00:00,115.1243,-29.5339,10104.12,False,184.28,333.65,0.33,9753.6,4004,1
4408,aba891,AAL1522 ,United States,1728961127.0,1728961127,2024-10-15 02:58:47+00:00,-80.6085,26.1629,5585.46,False,210.39,324.76,12.68,5303.52,7430,1
4481,ab385e,AAL2120 ,United States,1728961127.0,1728961127,2024-10-15 02:58:47+00:00,-76.5356,39.117,6042.66,False,227.86,79.86,12.03,6065.52,2470,1
4493,a9d5e4,UAL2644 ,United States,1728961128.0,1728961128,2024-10-15 02:58:48+00:00,-114.734,34.5942,9464.04,False,225.12,231.4,-6.83,9006.84,3217,4
4494,a8f235,EDV5151 ,United States,1728961127.0,1728961127,2024-10-15 02:58:47+00:00,-72.1823,42.8818,9288.78,False,285.34,50.34,-0.33,9448.8,3355,1
4545,aca6c0,AAL2790 ,United States,1728961128.0,1728961128,2024-10-15 02:58:48+00:00,-95.5798,30.1924,3474.72,False,158.22,140.41,-7.15,3268.98,6204,1
4571,ac30c0,DAL2198 ,United States,1728961127.0,1728961127,2024-10-15 02:58:47+00:00,-93.0218,44.7579,1150.62,False,91.46,325.77,-1.95,1104.9,6747,4
4577,a73410,SWA191  ,United States,1728961127.0,1728961127,2024-10-15 02:58:47+00:00,-87.64,35.6653,11871.96,False,201.64,256.42,0.0,11582.4,7037,1
4599,406b1b,NPT774P ,United Kingdom,1728961127.0,1728961128,2024-10-15 02:58:48+00:00,-1.5568,52.8273,868.68,False,101.88,91.16,-6.83,784.86,5145,1
4628,7c581d,ROV     ,Australia,1728961127.0,1728961127,2024-10-15 02:58:47+00:00,145.0618,-37.971,274.32,False,50.54,51.61,-4.23,274.32,7075,2
4645,abe930,DAL509  ,United States,1728961127.0,1728961127,2024-10-15 02:58:47+00:00,-102.9522,41.9646,10782.3,False,241.21,260.18,0.0,10363.2,5711,4
4737,3c4586,BOX593  ,Germany,1728961127.0,1728961128,2024-10-15 02:58:48+00:00,87.3621,22.3783,11010.9,False,246.23,307.44,0.0,10363.2,5153,1
4790,a3f00a,ATN3472 ,United States,1728961127.0,1728961127,2024-10-15 02:58:47+00:00,-89.2536,39.8405,9784.08,False,202.69,270.0,0.0,9753.6,6775,1
4810,a3a0ca,UAL1673 ,United States,1728961128.0,1728961128,2024-10-15 02:58:48+00:00,-81.9359,41.6042,9883.14,False,279.74,96.76,0.0,10058.4,7222,4
4815,ac5920,AAL2274 ,United States,1728961128.0,1728961128,2024-10-15 02:58:48+00:00,-85.4391,39.9488,11262.36,False,268.3,79.62,0.0,11277.6,0771,1
4828,a34b15,FFT4890 ,United States,1728961053.0,1728961058,2024-10-15 02:57:38+00:00,-75.1892,39.8819,144.78,False,66.38,255.64,-4.23,182.88,1652,1
4850,a89086,AAL1517 ,United States,1728961128.0,1728961128,2024-10-15 02:58:48+00:00,-118.4066,34.1984,388.62,False,68.94,90.86,-3.9,388.62,1662,4
4864,7cf868,DRGN16  ,Australia,1728961128.0,1728961128,2024-10-15 02:58:48+00:00,151.565,-31.9084,9403.08,False,203.88,165.68,0.0,9144.0,4506,13
4916,a35283,FFT2027 ,United States,1728961127.0,1728961127,2024-10-15 02:58:47+00:00,-97.0852,41.1004,11277.6,False,225.76,262.41,-0.33,10957.56,3127,1
4931,a3524e,DAL1442 ,United States,1728961128.0,1728961128,2024-10-15 02:58:48+00:00,-96.3715,43.5044,11795.76,False,235.48,239.4,0.0,11582.4,3630,4
4963,406c3a,VIR450  ,United Kingdom,1728961128.0,1728961128,2024-10-15 02:58:48+00:00,3.4956,47.9134,12573.0,False,245.82,341.07,-0.33,12192.0,4037,6
4964,40731c,BAW120  ,United Kingdom,1728961127.0,1728961127,2024-10-15 02:58:47+00:00,-74.7428,44.0503,11704.32,False,284.02,59.77,0.0,11879.58,6766,6
4980,323232,0000    ,Italy,1728961126.0,1728961127,2024-10-15 02:58:47+00:00,27.1667,38.3969,5425.44,False,59.88,216.97,0.0,5189.22,5703,8
5001,a3b4d6,AAL2820 ,United States,1728961001.0,1728961001,2024-10-15 02:56:41+00:00,-93.1858,44.8777,281.94,False,75.97,301.43,-3.9,213.36,1557,4
5035,acdd1b,AAL2271 ,United States,1728961128.0,1728961128,2024-10-15 02:58:48+00:00,-83.747,27.5716,11910.06,False,259.86,118.24,0.0,11277.6,2242,1
5055,c030a6,ACA559  ,Canada,1728961128.0,1728961128,2024-10-15 02:58:48+00:00,-122.7856,48.8705,3368.04,False,167.01,311.0,-1.63,3307.08,2061,4
5066,7c7a68,YGQ     ,Australia,1728961127.0,1728961128,2024-10-15 02:58:48+00:00,115.8804,-32.0965,-7.62,False,12.56,235.01,0.33,7.62,3000,2
5071,7c7a60,YGI     ,Australia,1728961128.0,1728961128,2024-10-15 02:58:48+00:00,115.9106,-32.0996,213.36,False,34.92,315.0,-2.93,220.98,3000,2
5076,7c7a3e,VOZ845  ,Australia,1728961128.0,1728961128,2024-10-15 02:58:48+00:00,150.9259,-34.0584,2461.26,False,152.12,61.96,-4.88,2331.72,4205,1
5082,7c7a58,YGA     ,Australia,1728961127.0,1728961128,2024-10-15 02:58:48+00:00,115.8842,-32.1192,228.6,False,53.66,57.53,-0.33,243.84,3000,2
5086,a2ca5f,UAL932  ,United States,1728961128.0,1728961128,2024-10-15 02:58:48+00:00,-76.8293,39.1112,4632.96,False,224.88,88.56,9.75,4671.06,2444,6
5091,aaa2f6,SWA1318 ,United States,1728961128.0,1728961128,2024-10-15 02:58:48+00:00,-78.3135,38.9669,9944.1,False,188.41,274.7,7.48,9928.86,7077,1
5125,39c424,AFR769  ,France,1728961128.0,1728961128,2024-10-15 02:58:48+00:00,-0.0305,46.7962,12573.0,False,263.06,20.49,0.0,12184.38,1431,6
5153,a01567,AAL574  ,United States,1728961128.0,1728961128,2024-10-15 02:58:48+00:00,-82.9163,40.8009,11201.4,False,266.84,54.26,0.0,11277.6,3630,4
5167,a3c514,DAL1542 ,United States,1728960924.0,1728960932,2024-10-15 02:55:32+00:00,-93.1846,44.8663,320.04,False,74.11,301.37,-3.9,251.46,7346,4
5170,78086c,CCA965  ,China,1728961127.0,1728961127,2024-10-15 02:58:47+00:00,17.4833,55.9959,10256.52,False,250.96,217.5,0.0,10363.2,3054,1
5194,7c7c77,VOZ734  ,Australia,1728961128.0,1728961128,2024-10-15 02:58:48+00:00,145.4439,-36.0316,11765.28,False,213.88,219.24,0.0,11582.4,1043,1
5242,a8bfe0,FDX1631 ,United States,1728961127.0,1728961127,2024-10-15 02:58:47+00:00,-82.4355,41.198,7178.04,False,185.01,239.23,-0.33,7322.82,5720,1
5253,710107,SVA143  ,Saudi Arabia,1728961070.0,1728961115,2024-10-15 02:58:35+00:00,20.176,37.7185,11506.2,False,239.22,310.99,0.0,10972.8,2051,1
5263,710110,SVA119  ,Saudi Arabia,1728961122.0,1728961127,2024-10-15 02:58:47+00:00,18.988,41.5994,10828.02,False,226.94,310.59,0.0,10363.2,2214,6
5290,86e7a2,JAL39   ,Japan,1728961127.0,1728961127,2024-10-15 02:58:47+00:00,132.4573,34.1723,10965.18,False,232.52,248.32,0.0,10355.58,3207,6
5291,7c81e0,RXA2114 ,Australia,1728961128.0,1728961128,2024-10-15 02:58:48+00:00,117.0622,-33.4144,5547.36,False,103.22,324.33,0.0,5486.4,7241,3
5296,ab34ea,DAL1448 ,United States,1728961125.0,1728961127,2024-10-15 02:58:47+00:00,-103.2565,42.3961,10782.3,False,240.26,266.19,0.0,10363.2,5747,4
5314,71010f,SVA111  ,Saudi Arabia,1728961127.0,1728961127,2024-10-15 02:58:47+00:00,23.2493,37.7167,11498.58,False,238.62,321.3,0.0,10972.8,2036,6
5343,a3d87d,DAL2582 ,United States,1728961127.0,1728961128,2024-10-15 02:58:48+00:00,-75.9617,42.6625,7833.36,False,221.17,86.27,-4.88,8039.1,4156,4
5358,a4470e,HAL5    ,United States,1728960991.0,1728960991,2024-10-15 02:56:31+00:00,-122.9574,33.4058,12786.36,False,230.58,256.06,0.0,12192.0,7344,1
5369,acf2e4,EDV5065 ,United States,1728961127.0,1728961127,2024-10-15 02:58:47+00:00,-78.0282,39.3129,10363.2,False,193.73,242.82,0.33,10363.2,7236,4
5370,acf2cf,SWA3329 ,United States,1728961127.0,1728961127,2024-10-15 02:58:47+00:00,-93.628,36.4899,12268.2,False,261.41,115.41,0.0,11887.2,1452,1
5375,a8c88f,UAL54   ,United States,1728961127.0,1728961127,2024-10-15 02:58:47+00:00,-68.1822,43.1659,10637.52,False,283.75,64.78,0.0,10668.0,1573,1
5387,4bb841,PGT2BY  ,Turkey,1728961127.0,1728961128,2024-10-15 02:58:48+00:00,12.9084,48.7828,10934.7,False,274.85,122.62,0.0,10660.38,7701,4
5404,4bb84d,PGT5548 ,Turkey,1728961127.0,1728961128,2024-10-15 02:58:48+00:00,23.2356,40.9724,10256.52,False,263.34,129.85,7.8,9806.94,4320,4
5409,7c7ab6,VOZ1690 ,Australia,1728961127.0,1728961127,2024-10-15 02:58:47+00:00,151.2645,-32.5352,11811.0,False,219.87,193.26,-0.98,11582.4,1224,1
5420,7c7aa6,VOZ9907 ,Australia,1728961127.0,1728961128,2024-10-15 02:58:48+00:00,142.0634,-36.2604,12359.64,False,212.68,262.63,0.0,12184.38,3647,1
5425,7c7aa0,VOZ1880 ,Australia,1728961127.0,1728961127,2024-10-15 02:58:47+00:00,116.2129,-31.7264,1539.24,False,128.9,193.15,-6.5,1531.62,3601,1
5428,a72b6b,JBU71   ,United States,1728961127.0,1728961127,2024-10-15 02:58:47+00:00,-103.5428,41.9563,10812.78,False,238.59,266.66,0.33,10355.58,3040,4
5450,a31486,EDV5394 ,United States,1728961127.0,1728961127,2024-10-15 02:58:47+00:00,-75.6188,41.9167,3177.54,False,152.54,312.68,-4.55,3284.22,4267,4
5467,a81773,NKS392  ,United States,1728961128.0,1728961128,2024-10-15 02:58:48+00:00,-91.1457,40.9795,11041.38,False,208.48,260.77,0.0,10965.18,7473,1
5486,34464a,BCS1266 ,Spain,1728961128.0,1728961128,2024-10-15 02:58:48+00:00,9.9163,50.904,10561.32,False,187.24,248.23,0.0,10370.82,1000,1
5489,ac6886,UAL599  ,United States,1728961127.0,1728961127,2024-10-15 02:58:47+00:00,-107.3734,39.6949,11414.76,False,245.55,261.45,0.0,10980.42,6741,1
5514,ac5569,AAL1819 ,United States,1728961127.0,1728961127,2024-10-15 02:58:47+00:00,-107.3561,37.8556,11757.66,False,229.29,43.18,0.0,11277.6,0757,1
5516,344647,SWT1SO  ,Spain,1728961127.0,1728961127,2024-10-15 02:58:47+00:00,7.2983,50.8082,1417.32,False,90.56,96.2,8.13,1333.5,7657,1
5534,0100a3,MSR5529 ,Egypt,1728961125.0,1728961128,2024-10-15 02:58:48+00:00,30.2982,32.1695,12870.18,False,247.15,140.74,-4.88,12374.88,1604,1
5594,406a34,BAW298  ,United Kingdom,1728961119.0,1728961128,2024-10-15 02:58:48+00:00,-65.0765,47.3489,10660.38,False,271.03,71.29,0.0,10668.0,3134,1
5598,06a140,QTR8839 ,Qatar,1728961127.0,1728961127,2024-10-15 02:58:47+00:00,4.1374,50.0282,8823.96,False,233.1,222.14,9.75,8542.02,7146,1
5604,406a9f,BAW142  ,United Kingdom,1728961127.0,1728961128,2024-10-15 02:58:48+00:00,26.505,44.6531,12504.42,False,221.56,301.81,0.0,12184.38,3271,6
5629,ab84c9,AAL2973 ,United States,1728961125.0,1728961127,2024-10-15 02:58:47+00:00,-77.4197,32.9021,11704.32,False,261.81,16.08,0.0,11277.6,3610,1
5635,a97de4,AAL2012 ,United States,1728961128.0,1728961128,2024-10-15 02:58:48+00:00,-76.891,37.8257,8930.64,False,239.66,38.81,-0.33,8846.82,0561,4
5656,0c2081,RPB504  ,Panama,1728961127.0,1728961127,2024-10-15 02:58:47+00:00,-60.5182,-32.1958,11719.56,False,255.39,134.18,0.0,11277.6,0271,1
5659,a3ac7a,DAL694  ,United States,1728961127.0,1728961127,2024-10-15 02:58:47+00:00,-104.8452,38.8689,10812.78,False,240.22,257.01,-0.33,10363.2,4131,4
5682,adc5b8,MTN7303 ,United States,1728961128.0,1728961128,2024-10-15 02:58:48+00:00,-76.1944,39.6801,1470.66,False,81.26,41.66,0.0,1524.0,2166,1
5716,aaa26a,SWA4533 ,United States,1728961128.0,1728961128,2024-10-15 02:58:48+00:00,-122.4442,37.4846,4823.46,False,207.07,192.48,17.56,4587.24,0256,1
5737,aaa28d,SWA1154 ,United States,1728961127.0,1728961127,2024-10-15 02:58:47+00:00,-91.0775,40.2774,12024.36,False,263.55,83.5,0.0,11887.2,6767,1
5762,ace0d2,AAL474  ,United States,1728961128.0,1728961128,2024-10-15 02:58:48+00:00,-93.2955,32.1594,11772.9,False,259.51,109.33,0.0,11277.6,2213,1
5790,adb35c,JBU815  ,United States,1728961127.0,1728961127,2024-10-15 02:58:47+00:00,-86.2007,40.1336,10317.48,False,187.51,275.19,0.0,10363.2,2740,4
5841,a04b92,SKW5888 ,United States,1728961127.0,1728961127,2024-10-15 02:58:47+00:00,-97.0589,38.0395,11376.66,False,230.79,234.89,-0.33,10972.8,7253,4
5848,7c7c9c,VOZ227  ,Australia,1728961121.0,1728961126,2024-10-15 02:58:46+00:00,141.0254,-36.4589,11742.42,False,215.34,296.38,0.0,11582.4,3257,4
5860,a90b27,FDX1338 ,United States,1728961127.0,1728961128,2024-10-15 02:58:48+00:00,-88.2926,35.0418,7414.26,False,188.29,269.53,-10.4,7170.42,5633,1
5867,aaf007,ASH6130 ,United States,1728960876.0,1728960876,2024-10-15 02:54:36+00:00,-81.2148,38.7584,7345.68,False,183.75,257.71,0.33,7315.2,2125,4
5872,a732d9,JBU1451 ,United States,1728961127.0,1728961127,2024-10-15 02:58:47+00:00,-72.5357,40.6292,10386.06,False,185.31,222.64,0.0,10363.2,1445,4
5919,aa7833,DAL931  ,United States,1728961127.0,1728961128,2024-10-15 02:58:48+00:00,-124.0285,48.3558,9875.52,False,218.21,321.51,7.15,9631.68,6650,4
5930,4caa32,ITY619  ,Ireland,1728961127.0,1728961127,2024-10-15 02:58:47+00:00,-0.998,46.8127,12877.8,False,244.43,105.88,-0.33,12496.8,1000,6
