arrivalAirportCandidatesCount,callsign,departureAirportCandidatesCount,estArrivalAirport,estArrivalAirportHorizDistance,estArrivalAirportVertDistance,estDepartureAirport,estDepartureAirportHorizDistance,estDepartureAirportVertDistance,firstSeen,firstSeen_utc,icao24,lastSeen,lastSeen_utc
3,DLH6NL  ,30,EDDM,3050,10214,EPRJ,1009,202,1728533467,2024-10-10 04:11:07+00:00,3c4dd6,1728538151,2024-10-10 05:29:11+00:00
21,NSZ2030 ,30,ESSA,2672,186,EVRA,2531,347,1728536834,2024-10-10 05:07:14+00:00,4aca15,1728539743,2024-10-10 05:55:43+00:00
4,RYR2771 ,0,LIMC,1026,9778,,0,0,1728533157,2024-10-10 04:05:57+00:00,4d21ef,1728538053,2024-10-10 05:27:33+00:00
1,RYR2535 ,83,EPKK,1263,11036,EDDB,1581,241,1728534635,2024-10-10 04:30:35+00:00,4d228a,1728538236,2024-10-10 05:30:36+00:00
11,BTN700  ,0,VECC,800,17,,0,0,1728535176,2024-10-10 04:39:36+00:00,680009,1728537978,2024-10-10 05:26:18+00:00
0,UBG145  ,0,VGCB,25862,3151,VELP,202801,1974,1728536161,2024-10-10 04:56:01+00:00,7020b8,1728538045,2024-10-10 05:27:25+00:00
2,TGW281  ,0,WSAC,24231,3452,,0,0,1728531286,2024-10-10 03:34:46+00:00,76bcc7,1728537842,2024-10-10 05:24:02+00:00
35,LHO     ,35,YSBK,886,24,YSBK,891,24,1728538528,2024-10-10 05:35:28+00:00,7c38ba,1728538528,2024-10-10 05:35:28+00:00
85,NMU     ,84,YMEN,554,70,YMPC,556,65,1728537529,2024-10-10 05:18:49+00:00,7c4394,1728539554,2024-10-10 05:52:34+00:00
0,NQT     ,36,YPJI,24392,5212,YPJT,449,30,1728534647,2024-10-10 04:30:47+00:00,7c4423,1728537632,2024-10-10 05:20:32+00:00
36,PMA     ,31,YPJT,473,60,YBUN,196,46,1728535010,2024-10-10 04:36:50+00:00,7c4da0,1728538138,2024-10-10 05:28:58+00:00
9,AE969   ,35,YBTH,22463,2168,YSBK,234,8,1728538496,2024-10-10 05:34:56+00:00,7c4f1f,1728539786,2024-10-10 05:56:26+00:00
83,VBK     ,91,YMAV,1193,79,YBLT,3427,530,1728536503,2024-10-10 05:01:43+00:00,7c6a7e,1728538022,2024-10-10 05:27:02+00:00
83,VDJ     ,91,YMAV,795,71,YBLT,1481,584,1728538946,2024-10-10 05:42:26+00:00,7c6ac5,1728540257,2024-10-10 06:04:17+00:00
0,YVG     ,36,YPJI,8000,5486,YPJT,433,60,1728534554,2024-10-10 04:29:14+00:00,7c7c7a,1728537691,2024-10-10 05:21:31+00:00
11,AXB592  ,0,VECC,3390,33,,0,0,1728535457,2024-10-10 04:44:17+00:00,800c83,1728538216,2024-10-10 05:30:16+00:00
54,N149MF  ,74,KS03,16020,2275,KMFR,14138,1703,1728537646,2024-10-10 05:20:46+00:00,a0c538,1728538987,2024-10-10 05:43:07+00:00
181,ALFT6   ,153,KBFI,14246,82,KAWO,1884,231,1728539613,2024-10-10 05:53:33+00:00,ad438e,1728540517,2024-10-10 06:08:37+00:00
51,STALK50 ,51,KABQ,516,108,KE80,12943,573,1728536787,2024-10-10 05:06:27+00:00,ae5967,1728537920,2024-10-10 05:25:20+00:00
4,TAR753  ,18,DA14,13969,2702,LIRF,671,552,1728588704,2024-10-10 19:31:44+00:00,02a260,1728594178,2024-10-10 21:02:58+00:00
1,QTR8360 ,0,VMMC,9836,5785,,0,0,1728588462,2024-10-10 19:27:42+00:00,06a07f,1728594252,2024-10-10 21:04:12+00:00
0,DAH1081 ,53,,0,0,LFHC,8104,2094,1728588774,2024-10-10 19:32:54+00:00,0a007a,1728592816,2024-10-10 20:40:16+00:00
0,PBD6835 ,0,,0,0,,0,0,1728591564,2024-10-10 20:19:24+00:00,151e14,1728592816,2024-10-10 20:40:16+00:00
98,DLA2NF  ,28,EDMY,10847,2339,LIPY,12135,1951,1728590404,2024-10-10 20:00:04+00:00,30055b,1728592750,2024-10-10 20:39:10+00:00
5,DLA6PT  ,148,LILC,5400,3948,EDFE,8528,1025,1728590026,2024-10-10 19:53:46+00:00,3009b2,1728592826,2024-10-10 20:40:26+00:00
5,ITY221  ,117,LILN,6371,4419,EGLC,274,62,1728588626,2024-10-10 19:30:26+00:00,3009d5,1728593061,2024-10-10 20:44:21+00:00
0,IBE05VW ,29,,0,0,LEMD,8216,937,1728590802,2024-10-10 20:06:42+00:00,34324f,1728592745,2024-10-10 20:39:05+00:00
0,VLG6151 ,0,,0,0,,0,0,1728590647,2024-10-10 20:04:07+00:00,34440a,1728592745,2024-10-10 20:39:05+00:00
16,ANE46RJ ,149,LERM,14525,2256,EDDF,4818,148,1728589036,2024-10-10 19:37:16+00:00,3452c7,1728592745,2024-10-10 20:39:05+00:00
3,VOE20DL ,83,LSGY,9150,8093,EDDB,2832,180,1728589748,2024-10-10 19:49:08+00:00,34660d,1728592845,2024-10-10 20:40:45+00:00
12,AFR74VU ,91,LFIT,19922,2987,LFPG,1913,192,1728590112,2024-10-10 19:55:12+00:00,394c0f,1728592816,2024-10-10 20:40:16+00:00
5,TVF19YV ,0,LFFQ,13053,3214,,0,0,1728590031,2024-10-10 19:53:51+00:00,3964ec,1728592745,2024-10-10 20:39:05+00:00
3,AFR52QF ,0,LFHN,6064,8344,LFPV,11670,3753,1728590805,2024-10-10 20:06:45+00:00,398579,1728592844,2024-10-10 20:40:44+00:00
22,FHBVL   ,3,LFYS,14710,1476,LFYS,14329,1491,1728593253,2024-10-10 20:47:33+00:00,3986ab,1728594246,2024-10-10 21:04:06+00:00
1,CFG9LD  ,0,EDRB,13473,9038,,0,0,1728588821,2024-10-10 19:33:41+00:00,3c49e2,1728592745,2024-10-10 20:39:05+00:00
2,DLH1RW  ,149,LSZA,12452,6815,EDDF,4870,323,1728590272,2024-10-10 19:57:52+00:00,3c4dc5,1728592745,2024-10-10 20:39:05+00:00
5,VJH657  ,0,LFGB,5185,10427,EGSR,12540,4205,1728590802,2024-10-10 20:06:42+00:00,3c55f4,1728592826,2024-10-10 20:40:26+00:00
23,DLH7CL  ,0,EDPD,2283,2715,EPNM,13827,5505,1728590800,2024-10-10 20:06:40+00:00,3c6590,1728592826,2024-10-10 20:40:26+00:00
4,DLH6HV  ,23,EDGH,15246,5433,LROP,905,696,1728589616,2024-10-10 19:46:56+00:00,3c65c2,1728592826,2024-10-10 20:40:26+00:00
0,DLH5P   ,113,EDGF,9509,3510,LKPR,1047,99,1728590970,2024-10-10 20:09:30+00:00,3c65d4,1728592935,2024-10-10 20:42:15+00:00
4,DLH891  ,30,EDCQ,2326,10576,EVRA,2932,690,1728589506,2024-10-10 19:45:06+00:00,3c66eb,1728592844,2024-10-10 20:40:44+00:00
4,DLH9TV  ,0,ETSN,14523,3795,ETSN,14522,3764,1728592799,2024-10-10 20:39:59+00:00,3c6747,1728592944,2024-10-10 20:42:24+00:00
4,DLH109  ,115,EDGH,17402,4229,EDDM,1268,354,1728591120,2024-10-10 20:12:00+00:00,3c6753,1728592731,2024-10-10 20:38:51+00:00
2,DLH33V  ,4,LFLK,4460,4433,EDRY,6776,5353,1728590812,2024-10-10 20:06:52+00:00,3c675a,1728592844,2024-10-10 20:40:44+00:00
0,VJH247  ,87,,0,0,LFPB,1113,459,1728589709,2024-10-10 19:48:29+00:00,3ce212,1728592826,2024-10-10 20:40:26+00:00
149,DHEMY   ,149,EDTM,539,70,EDTM,615,78,1728595229,2024-10-10 21:20:29+00:00,3dde80,1728596043,2024-10-10 21:34:03+00:00
5,GBDFR   ,72,EGNG,78,33844,EG64,8183,612,1728593216,2024-10-10 20:46:56+00:00,401be5,1728593814,2024-10-10 20:56:54+00:00
1,EZY32TE ,28,EGGP,416,4646,EGAA,4512,672,1728593505,2024-10-10 20:51:45+00:00,405633,1728595083,2024-10-10 21:18:03+00:00
5,GCJMY   ,79,EGCJ,10365,10964,EGCJ,9171,144,1728593375,2024-10-10 20:49:35+00:00,4058d3,1728594551,2024-10-10 21:09:11+00:00
0,EZY362J ,100,EGAD,28052,3334,EGHI,2870,558,1728590201,2024-10-10 19:56:41+00:00,406133,1728592846,2024-10-10 20:40:46+00:00
0,EZY68CA ,0,,0,0,EGWN,9106,2203,1728589949,2024-10-10 19:52:29+00:00,406319,1728593568,2024-10-10 20:52:48+00:00
19,EZY89KW ,0,LFPP,12545,2541,,0,0,1728590807,2024-10-10 20:06:47+00:00,406669,1728593073,2024-10-10 20:44:33+00:00
0,EZY31EJ ,0,,0,0,,0,0,1728588584,2024-10-10 19:29:44+00:00,406a95,1728592815,2024-10-10 20:40:15+00:00
35,EXS5CD  ,0,EGFF,25070,2500,,0,0,1728588464,2024-10-10 19:27:44+00:00,4070eb,1728592745,2024-10-10 20:39:05+00:00
0,EXS4B   ,0,,0,0,,0,0,1728588466,2024-10-10 19:27:46+00:00,40717c,1728592745,2024-10-10 20:39:05+00:00
0,EZY83NQ ,1,,0,0,LPMA,752,48,1728588686,2024-10-10 19:31:26+00:00,40756a,1728592844,2024-10-10 20:40:44+00:00
1,AUR87J  ,2,EGHU,10871,5591,EIME,8697,2866,1728590806,2024-10-10 20:06:46+00:00,40782b,1728592844,2024-10-10 20:40:44+00:00
0,EXS29A  ,0,EGKL,20172,9122,LFKF,37400,10946,1728588467,2024-10-10 19:27:47+00:00,407ce4,1728592805,2024-10-10 20:40:05+00:00
0,EZY15KC ,0,EGKL,14041,3651,,0,0,1728588467,2024-10-10 19:27:47+00:00,407e63,1728592731,2024-10-10 20:38:51+00:00
4,BAW84NT ,0,EGMC,13693,3657,,0,0,1728588478,2024-10-10 19:27:58+00:00,4080e4,1728592816,2024-10-10 20:40:16+00:00
72,EJU47RC ,0,EHRD,921,2023,,0,0,1728588463,2024-10-10 19:27:43+00:00,440115,1728593105,2024-10-10 20:45:05+00:00
0,PEV940  ,0,,0,0,,0,0,1728593225,2024-10-10 20:47:05+00:00,440570,1728595184,2024-10-10 21:19:44+00:00
1,GAC807Q ,116,EDHU,25755,4016,EDDM,1100,339,1728590106,2024-10-10 19:55:06+00:00,440592,1728592826,2024-10-10 20:40:26+00:00
12,AUA569  ,3,EDTZ,3731,2856,LOAV,7690,2525,1728590030,2024-10-10 19:53:50+00:00,440608,1728592826,2024-10-10 20:40:26+00:00
0,EJU64ED ,100,LPLZ,26094,9798,LSGG,4469,1063,1728589678,2024-10-10 19:47:58+00:00,44079a,1728592837,2024-10-10 20:40:37+00:00
1,EJU7649 ,19,LFLP,17468,4146,LPPT,3477,419,1728589551,2024-10-10 19:45:51+00:00,440c35,1728593105,2024-10-10 20:45:05+00:00
0,NOZ374  ,0,,0,0,ENKJ,11250,3122,1728589217,2024-10-10 19:40:17+00:00,479d40,1728592745,2024-10-10 20:39:05+00:00
0,,0,ENRO,6279,5210,ENRO,6257,5210,1728592799,2024-10-10 20:39:59+00:00,47a1ef,1728592799,2024-10-10 20:39:59+00:00
0,SAS4027 ,0,,0,0,,0,0,1728592944,2024-10-10 20:42:24+00:00,47bb0a,1728594315,2024-10-10 21:05:15+00:00
68,LIFELN4 ,61,EHGG,701,139,EHDR,14360,216,1728593408,2024-10-10 20:50:08+00:00,4857b3,1728593606,2024-10-10 20:53:26+00:00
0,RYR5    ,0,LHUH,13113,4881,,0,0,1728590635,2024-10-10 20:03:55+00:00,48c122,1728593828,2024-10-10 20:57:08+00:00
0,RYR86QD ,0,,0,0,,0,0,1728590805,2024-10-10 20:06:45+00:00,48c221,1728592745,2024-10-10 20:39:05+00:00
42,RYR1901 ,0,EPKK,11,109,,0,0,1728592826,2024-10-10 20:40:26+00:00,48c22e,1728595996,2024-10-10 21:33:16+00:00
0,RYR8521 ,113,EPLS,25625,4842,LKPR,1061,214,1728591176,2024-10-10 20:12:56+00:00,48c2a4,1728592826,2024-10-10 20:40:26+00:00
0,TAP831  ,0,LPMO,29224,5367,,0,0,1728588491,2024-10-10 19:28:11+00:00,4951ce,1728592816,2024-10-10 20:40:16+00:00
0,TAP145W ,0,,0,0,,0,0,1728590632,2024-10-10 20:03:52+00:00,495212,1728592815,2024-10-10 20:40:15+00:00
2,SAS010  ,0,ESNP,7729,2691,,0,0,1728593232,2024-10-10 20:47:12+00:00,4ac9e6,1728594261,2024-10-10 21:04:21+00:00
1,NSZ5527 ,0,LELL,25234,4294,,0,0,1728588474,2024-10-10 19:27:54+00:00,4aca0d,1728592865,2024-10-10 20:41:05+00:00
4,SWR58Y  ,129,LSZP,12328,5353,LSZH,953,63,1728591611,2024-10-10 20:20:11+00:00,4b17df,1728592826,2024-10-10 20:40:26+00:00
4,SAZ53   ,0,LILV,18195,4695,,0,0,1728592826,2024-10-10 20:40:26+00:00,4b1a00,1728592826,2024-10-10 20:40:26+00:00
0,PGT94XV ,0,LTBR,26783,5687,,0,0,1728590813,2024-10-10 20:06:53+00:00,4b9068,1728592737,2024-10-10 20:38:57+00:00
0,THY9YS  ,0,,0,0,,0,0,1728590872,2024-10-10 20:07:52+00:00,4ba9c9,1728594276,2024-10-10 21:04:36+00:00
2,THY3EV  ,14,LBMG,11679,9562,LTFM,2510,518,1728590449,2024-10-10 20:00:49+00:00,4baa89,1728592784,2024-10-10 20:39:44+00:00
1,MNB300  ,14,VMMC,12307,6394,LTFM,2012,419,1728521291,2024-10-10 00:48:11+00:00,4bb47a,1728594613,2024-10-10 21:10:13+00:00
1,PGT2DU  ,0,LOIK,10847,9871,,0,0,1728588486,2024-10-10 19:28:06+00:00,4bc894,1728592826,2024-10-10 20:40:26+00:00
11,SXS1SP  ,149,LTXE,33165,2022,EDDF,5349,369,1728588854,2024-10-10 19:34:14+00:00,4bcdd6,1728595702,2024-10-10 21:28:22+00:00
0,SXS3JN  ,0,,0,0,,0,0,1728590632,2024-10-10 20:03:52+00:00,4bcde8,1728592745,2024-10-10 20:39:05+00:00
0,RYR96ZV ,118,LFCK,27577,11037,ELLX,3036,683,1728590411,2024-10-10 20:00:11+00:00,4ca568,1728592844,2024-10-10 20:40:44+00:00
0,RYR63GF ,0,,0,0,,0,0,1728590031,2024-10-10 19:53:51+00:00,4ca9cf,1728592746,2024-10-10 20:39:06+00:00
2,ITY150  ,57,ETSB,3699,6509,LIML,2089,402,1728590389,2024-10-10 19:59:49+00:00,4cae15,1728592840,2024-10-10 20:40:40+00:00
69,RYR59XD ,82,EGNM,1151,59,LFOB,82628,1140,1728591318,2024-10-10 20:15:18+00:00,4cae48,1728593630,2024-10-10 20:53:50+00:00
0,RYR4BX  ,0,,0,0,,0,0,1728588485,2024-10-10 19:28:05+00:00,4cae55,1728592815,2024-10-10 20:40:15+00:00
0,RYR64ZN ,0,,0,0,,0,0,1728590030,2024-10-10 19:53:50+00:00,4cafb3,1728592844,2024-10-10 20:40:44+00:00
4,LGL6995 ,0,LIMC,781,7081,,0,0,1728593220,2024-10-10 20:47:00+00:00,4d00d7,1728594141,2024-10-10 21:02:21+00:00
0,RYR74CV ,0,,0,0,,0,0,1728590806,2024-10-10 20:06:46+00:00,4d2349,1728592826,2024-10-10 20:40:26+00:00
0,SWR5YV  ,0,,0,0,LSZN,7788,4174,1728590802,2024-10-10 20:06:42+00:00,502d5c,1728592815,2024-10-10 20:40:15+00:00
0,BRU949  ,5,EYND,29699,2977,UMMS,10310,1014,1728590811,2024-10-10 20:06:51+00:00,51007f,1728593799,2024-10-10 20:56:39+00:00
22,SVA227  ,0,LERM,9898,2004,,0,0,1728588499,2024-10-10 19:28:19+00:00,71002c,1728592815,2024-10-10 20:40:15+00:00
1,KAL422  ,0,RKRN,22936,5408,,0,0,1728588502,2024-10-10 19:28:22+00:00,71bd32,1728594588,2024-10-10 21:09:48+00:00
0,ISR762  ,0,,0,0,,0,0,1728588495,2024-10-10 19:28:15+00:00,738284,1728592746,2024-10-10 20:39:06+00:00
1,MXD205  ,0,VILK,4290,10847,WMAD,109681,1973,1728588477,2024-10-10 19:27:57+00:00,750404,1728594495,2024-10-10 21:08:15+00:00
0,MXD522  ,0,,0,0,,0,0,1728589226,2024-10-10 19:40:26+00:00,750422,1728592745,2024-10-10 20:39:05+00:00
0,TGW893  ,0,,0,0,,0,0,1728588466,2024-10-10 19:27:46+00:00,76bcc5,1728592745,2024-10-10 20:39:05+00:00
0,CES2076 ,0,,0,0,,0,0,1728588691,2024-10-10 19:31:31+00:00,7800ff,1728594671,2024-10-10 21:11:11+00:00
0,CCA4173 ,0,ZBAA,15473,2631,,0,0,1728590850,2024-10-10 20:07:30+00:00,781ca8,1728592746,2024-10-10 20:39:06+00:00
0,CSN3588 ,0,,0,0,,0,0,1728594041,2024-10-10 21:00:41+00:00,781f73,1728595911,2024-10-10 21:31:51+00:00
0,CPA239  ,0,LTFH,23491,11576,,0,0,1728593279,2024-10-10 20:47:59+00:00,789204,1728594812,2024-10-10 21:13:32+00:00
0,IGO2197 ,0,,0,0,,0,0,1728590945,2024-10-10 20:09:05+00:00,800d32,1728592815,2024-10-10 20:40:15+00:00
0,IGO417  ,0,,0,0,,0,0,1728590811,2024-10-10 20:06:51+00:00,800d43,1728592815,2024-10-10 20:40:15+00:00
0,VTI902  ,0,,0,0,,0,0,1728591870,2024-10-10 20:24:30+00:00,801408,1728592815,2024-10-10 20:40:15+00:00
0,VTI969  ,15,,0,0,VIDP,11700,403,1728591838,2024-10-10 20:23:58+00:00,801597,1728592746,2024-10-10 20:39:06+00:00
0,IGO90G  ,0,VOAR,16263,3104,,0,0,1728590646,2024-10-10 20:04:06+00:00,8015db,1728592745,2024-10-10 20:39:05+00:00
0,AIQ3246 ,0,VTBK,29962,4098,,0,0,1728590614,2024-10-10 20:03:34+00:00,880858,1728592815,2024-10-10 20:40:15+00:00
1,MMA352  ,0,VTUN,166690,2406,,0,0,1728590042,2024-10-10 19:54:02+00:00,8a09f6,1728592745,2024-10-10 20:39:05+00:00
15,DAL2408 ,1,2WA1,7284,7204,8AK9,136476,10171,1728588493,2024-10-10 19:28:13+00:00,a057c7,1728592844,2024-10-10 20:40:44+00:00
482,N1212K  ,490,XS92,2425,480,7TS0,959,489,1728593221,2024-10-10 20:47:01+00:00,a05a11,1728593830,2024-10-10 20:57:10+00:00
25,N122FA  ,230,KSFZ,1770,2669,KCON,418,12,1728593407,2024-10-10 20:50:07+00:00,a05b9e,1728594868,2024-10-10 21:14:28+00:00
9,RPA4419 ,310,2VG7,9231,7799,KLGA,924,29,1728590997,2024-10-10 20:09:57+00:00,a05bde,1728592844,2024-10-10 20:40:44+00:00
0,DAL1094 ,194,KK24,19514,6976,KBOS,857,85,1728588718,2024-10-10 19:31:58+00:00,a086b4,1728592904,2024-10-10 20:41:44+00:00
354,TASI316 ,494,OK31,7970,2439,KAFW,1996,336,1728591757,2024-10-10 20:22:37+00:00,a0ef54,1728592750,2024-10-10 20:39:10+00:00
491,N182ML  ,498,TX39,5171,495,4TA1,4135,525,1728593219,2024-10-10 20:46:59+00:00,a14938,1728593777,2024-10-10 20:56:17+00:00
0,UAL1005 ,503,KLIC,14121,6012,KDFW,5818,455,1728589709,2024-10-10 19:48:29+00:00,a14b1a,1728593006,2024-10-10 20:43:26+00:00
477,CXK194  ,476,KGTU,2577,64,KGTU,2426,178,1728593342,2024-10-10 20:49:02+00:00,a14b26,1728594810,2024-10-10 21:13:30+00:00
5,ENY3446 ,1,KGYY,10287,3096,KCMH,8145,2967,1728590807,2024-10-10 20:06:47+00:00,a1a986,1728592826,2024-10-10 20:40:26+00:00
3,SWA1792 ,28,NV98,7421,4831,37CN,35687,2619,1728591171,2024-10-10 20:12:51+00:00,a1ce16,1728592799,2024-10-10 20:39:59+00:00
7,EDV5007 ,282,NY70,6908,8162,KJFK,1857,422,1728591226,2024-10-10 20:13:46+00:00,a21142,1728592787,2024-10-10 20:39:47+00:00
18,RPA5670 ,373,86MI,3079,2679,KSDF,2047,235,1728590117,2024-10-10 19:55:17+00:00,a21bea,1728592826,2024-10-10 20:40:26+00:00
8,ENY3338 ,167,KF44,3385,7035,KECP,3126,512,1728589799,2024-10-10 19:49:59+00:00,a22003,1728592745,2024-10-10 20:39:05+00:00
87,SWA516  ,0,34CO,6575,2529,,0,0,1728588485,2024-10-10 19:28:05+00:00,a24493,1728592815,2024-10-10 20:40:15+00:00
132,N26WR   ,146,KSMO,855,0,KL45,13443,890,1728593868,2024-10-10 20:57:48+00:00,a27ea8,1728594747,2024-10-10 21:12:27+00:00
3,ENY3340 ,95,KGZN,5172,8317,KMAF,4966,443,1728591374,2024-10-10 20:16:14+00:00,a2e57e,1728593036,2024-10-10 20:43:56+00:00
490,N2936Q  ,490,XA34,2746,464,XA34,3641,243,1728593403,2024-10-10 20:50:03+00:00,a303d8,1728594421,2024-10-10 21:07:01+00:00
10,N310XR  ,0,KHVS,6060,3394,KHVS,3525,3394,1728594361,2024-10-10 21:06:01+00:00,a348ee,1728595721,2024-10-10 21:28:41+00:00
11,ASA118  ,0,0WN0,13607,6815,,0,0,1728590355,2024-10-10 19:59:15+00:00,a360e3,1728592746,2024-10-10 20:39:06+00:00
8,SKW4105 ,3,2WI0,6294,9998,KB16,10827,3108,1728589236,2024-10-10 19:40:36+00:00,a38641,1728593015,2024-10-10 20:43:35+00:00
14,UAL792  ,518,6PN9,9584,5173,KORD,2295,404,1728589628,2024-10-10 19:47:08+00:00,a43ea3,1728593061,2024-10-10 20:44:21+00:00
0,DAL1581 ,0,,0,0,,0,0,1728590806,2024-10-10 20:06:46+00:00,a4417d,1728592845,2024-10-10 20:40:45+00:00
167,,167,K2R4,1703,234,K2R4,1803,256,1728595009,2024-10-10 21:16:49+00:00,a4f563,1728595185,2024-10-10 21:19:45+00:00
5,RPA4536 ,2,KI71,12300,5463,KBDL,5817,8695,1728589225,2024-10-10 19:40:25+00:00,a4f7cb,1728592815,2024-10-10 20:40:15+00:00
5,AWI6147 ,0,KGYY,10417,2791,,0,0,1728589423,2024-10-10 19:43:43+00:00,a544a2,1728592844,2024-10-10 20:40:44+00:00
535,N4397Q  ,526,KC09,1562,248,KDPA,2199,195,1728594168,2024-10-10 21:02:48+00:00,a547e9,1728595825,2024-10-10 21:30:25+00:00
5,UAL1555 ,217,KGYY,11033,2799,KTYS,3489,432,1728590026,2024-10-10 19:53:46+00:00,a55785,1728592815,2024-10-10 20:40:15+00:00
145,N445LF  ,160,KSFF,558,69,73WT,11724,556,1728594372,2024-10-10 21:06:12+00:00,a55e30,1728596073,2024-10-10 21:34:33+00:00
10,AWI6039 ,0,3KY9,9013,2788,40IN,13578,7712,1728593219,2024-10-10 20:46:59+00:00,a599b0,1728593834,2024-10-10 20:57:14+00:00
501,N47354  ,501,KDTO,2008,139,KDTO,1904,170,1728593360,2024-10-10 20:49:20+00:00,a5cf63,1728595246,2024-10-10 21:20:46+00:00
481,LLN437  ,496,TS57,3485,464,KAFW,2282,122,1728593914,2024-10-10 20:58:34+00:00,a6cc17,1728594762,2024-10-10 21:12:42+00:00
360,N5415F  ,313,35TS,4494,957,06TX,4733,300,1728593279,2024-10-10 20:47:59+00:00,a6deb0,1728593767,2024-10-10 20:56:07+00:00
261,JIA5036 ,230,K8A6,12547,2332,KORF,3249,373,1728589956,2024-10-10 19:52:36+00:00,a6fa94,1728592815,2024-10-10 20:40:15+00:00
5,JIA5293 ,20,NC82,15929,3962,3NC6,5550,2487,1728590811,2024-10-10 20:06:51+00:00,a765ec,1728592815,2024-10-10 20:40:15+00:00
555,N5899R  ,557,TX03,8350,680,KINJ,6211,979,1728593324,2024-10-10 20:48:44+00:00,a79afa,1728593584,2024-10-10 20:53:04+00:00
9,PDT5773 ,308,KLYH,6117,4354,KCLT,13318,1280,1728590802,2024-10-10 20:06:42+00:00,a87f41,1728592815,2024-10-10 20:40:15+00:00
9,ABX574  ,0,TN58,16127,3686,,0,0,1728592756,2024-10-10 20:39:16+00:00,a89119,1728592756,2024-10-10 20:39:16+00:00
7,UAL2731 ,519,3OH6,5981,6373,KORD,1133,145,1728591342,2024-10-10 20:15:42+00:00,a8fc72,1728593094,2024-10-10 20:44:54+00:00
0,N700GD  ,1,3MI2,20765,5047,KIWD,12521,12114,1728593230,2024-10-10 20:47:10+00:00,a95528,1728594163,2024-10-10 21:02:43+00:00
8,AAL2035 ,318,KMTN,9662,3247,KLGA,10186,1365,1728590800,2024-10-10 20:06:40+00:00,a99077,1728592787,2024-10-10 20:39:47+00:00
20,RPA3553 ,325,CYSN,27177,2927,KEWR,6581,1023,1728590034,2024-10-10 19:53:54+00:00,a9ffeb,1728593105,2024-10-10 20:45:05+00:00
59,SWA2830 ,3,7CO5,7335,2907,9WI4,7566,3496,1728588925,2024-10-10 19:35:25+00:00,aa96e2,1728592745,2024-10-10 20:39:05+00:00
18,AAL1732 ,321,K19N,6641,5037,KRDU,2341,492,1728590481,2024-10-10 20:01:21+00:00,aaffaa,1728592725,2024-10-10 20:38:45+00:00
4,RPA5656 ,0,PA71,10767,10144,OH71,14693,4578,1728590031,2024-10-10 19:53:51+00:00,ab282b,1728592784,2024-10-10 20:39:44+00:00
6,DAL2011 ,369,KUOS,15916,8861,KSDF,3431,388,1728591102,2024-10-10 20:11:42+00:00,ab92c4,1728592816,2024-10-10 20:40:16+00:00
172,SWA169  ,218,22CO,7979,1798,KBNA,1640,30,1728588821,2024-10-10 19:33:41+00:00,abbca1,1728592746,2024-10-10 20:39:06+00:00
22,SWA116  ,253,MD74,5471,3625,06MO,7032,821,1728588474,2024-10-10 19:27:54+00:00,abd204,1728592815,2024-10-10 20:40:15+00:00
113,N882GT  ,120,2AZ7,8547,25,88AZ,31642,745,1728593260,2024-10-10 20:47:40+00:00,ac25eb,1728594376,2024-10-10 21:06:16+00:00
8,AAL934  ,315,VG34,10651,7511,KCLT,4517,549,1728591130,2024-10-10 20:12:10+00:00,ac390f,1728592826,2024-10-10 20:40:26+00:00
5,SWA1539 ,0,KFMM,14490,3606,NE56,13922,3312,1728589912,2024-10-10 19:51:52+00:00,ac4279,1728592746,2024-10-10 20:39:06+00:00
231,DAL3009 ,205,20GA,1424,2359,KHSV,2728,257,1728590920,2024-10-10 20:08:40+00:00,ac50d1,1728592746,2024-10-10 20:39:06+00:00
5,EJA913  ,326,KCQW,8114,6327,KPDK,3209,456,1728590970,2024-10-10 20:09:30+00:00,aca33f,1728592799,2024-10-10 20:39:59+00:00
0,AAL462  ,0,,0,0,PA49,1544,8039,1728589221,2024-10-10 19:40:21+00:00,acf975,1728592815,2024-10-10 20:40:15+00:00
8,AVA8447 ,0,SKMA,26094,1394,SKFR,65303,5532,1728591655,2024-10-10 20:20:55+00:00,ad2386,1728592745,2024-10-10 20:39:05+00:00
497,SKW4803 ,454,KPWK,17098,2347,KMKE,515,130,1728591911,2024-10-10 20:25:11+00:00,ad28ce,1728592815,2024-10-10 20:40:15+00:00
4,DAL2838 ,2,4GA9,10848,3465,14OI,5043,4892,1728589915,2024-10-10 19:51:55+00:00,ad5c89,1728592746,2024-10-10 20:39:06+00:00
9,AAL1269 ,519,VA17,14278,5480,KORD,3278,374,1728590030,2024-10-10 19:53:50+00:00,adcca0,1728592745,2024-10-10 20:39:05+00:00
6,OCTNE32 ,0,TS04,12623,4343,TS04,11922,4336,1728594569,2024-10-10 21:09:29+00:00,adffb4,1728595503,2024-10-10 21:25:03+00:00
50,WISE1   ,1,KF68,6704,2526,4XA5,10818,3945,1728594031,2024-10-10 21:00:31+00:00,ae00f5,1728594614,2024-10-10 21:10:14+00:00
0,JAKE17  ,0,,0,0,,0,0,1728588480,2024-10-10 19:28:00+00:00,ae01c5,1728592759,2024-10-10 20:39:19+00:00
143,KATT10  ,143,2AL1,1451,2194,K82J,3626,791,1728593347,2024-10-10 20:49:07+00:00,ae1150,1728593781,2024-10-10 20:56:21+00:00
7,RNGR712 ,0,KTFP,7534,3149,KRAS,14436,2688,1728593221,2024-10-10 20:47:01+00:00,ae1ec4,1728594252,2024-10-10 21:04:12+00:00
94,RNGR852 ,167,KTFP,8821,2547,KNGP,3843,398,1728594313,2024-10-10 21:05:13+00:00,ae4e93,1728595842,2024-10-10 21:30:42+00:00
9,ACA7068 ,320,KBQR,8983,7391,KEWR,5620,855,1728590603,2024-10-10 20:03:23+00:00,c010cb,1728592815,2024-10-10 20:40:15+00:00
401,JZA780  ,0,KCGS,7055,2499,CYTZ,11709,3314,1728590026,2024-10-10 19:53:46+00:00,c01b6c,1728592815,2024-10-10 20:40:15+00:00
1,MAL8058 ,0,CJG2,18041,2951,,0,0,1728593242,2024-10-10 20:47:22+00:00,c0323e,1728593918,2024-10-10 20:58:38+00:00
103,CGEMB   ,0,CYVR,2497,57,,0,0,1728593262,2024-10-10 20:47:42+00:00,c05072,1728594596,2024-10-10 21:09:56+00:00
3,WJA238  ,59,CTY4,18861,5361,CYEG,6449,564,1728591227,2024-10-10 20:13:47+00:00,c07fb1,1728592815,2024-10-10 20:40:15+00:00
0,PRBLS   ,0,SJNQ,4803,8563,,0,0,1728590625,2024-10-10 20:03:45+00:00,e493bd,1728592815,2024-10-10 20:40:15+00:00
61,N       ,0,SBBR,681,67,,0,0,1728593375,2024-10-10 20:49:35+00:00,e49a43,1728594159,2024-10-10 21:02:39+00:00
14,AZU4123 ,0,SDUN,85094,2458,,0,0,1728593259,2024-10-10 20:47:39+00:00,e49dff,1728594447,2024-10-10 21:07:27+00:00
3,OB2108P ,11,SPJJ,163270,2458,SPJC,3513,399,1728594230,2024-10-10 21:03:50+00:00,e8c068,1728594924,2024-10-10 21:15:24+00:00
2,ETH639  ,0,WSAC,24468,2774,,0,0,1728599511,2024-10-10 22:31:51+00:00,040045,1728600893,2024-10-10 22:54:53+00:00
0,A7HHK   ,0,,0,0,LFPM,4186,3451,1728590802,2024-10-10 20:06:42+00:00,06a001,1728599114,2024-10-10 22:25:14+00:00
0,AFL1689 ,0,,0,0,,0,0,1728593410,2024-10-10 20:50:10+00:00,151ddb,1728599710,2024-10-10 22:35:10+00:00
0,PBD535  ,5,,0,0,UMMS,10462,1228,1728592131,2024-10-10 20:28:51+00:00,151e4f,1728598197,2024-10-10 22:09:57+00:00
0,VLG52KD ,20,,0,0,LEBL,2702,392,1728597477,2024-10-10 21:57:57+00:00,342396,1728598529,2024-10-10 22:15:29+00:00
62,AUR30K  ,0,EGGP,853,28,,0,0,1728592844,2024-10-10 20:40:44+00:00,342699,1728599351,2024-10-10 22:29:11+00:00
0,VLG1FY  ,0,,0,0,,0,0,1728594818,2024-10-10 21:13:38+00:00,344698,1728597975,2024-10-10 22:06:15+00:00
1,RSC92YQ ,4,GCXO,3743,1996,GCLA,3839,356,1728598988,2024-10-10 22:23:08+00:00,346056,1728599892,2024-10-10 22:38:12+00:00
1,TVF731E ,87,LDSP,2690,8517,LFPO,5950,277,1728596044,2024-10-10 21:34:04+00:00,3964ec,1728599324,2024-10-10 22:28:44+00:00
0,TVF41VN ,0,,0,0,LFLE,9344,6950,1728593223,2024-10-10 20:47:03+00:00,39d301,1728599254,2024-10-10 22:27:34+00:00
5,EWG5GA  ,5,EDDS,1806,9364,LEPA,2545,502,1728593368,2024-10-10 20:49:28+00:00,3c49d4,1728598254,2024-10-10 22:10:54+00:00
0,OCN1R   ,1,LGTP,31354,2274,EDPC,9838,5253,1728592737,2024-10-10 20:38:57+00:00,3c66e4,1728598002,2024-10-10 22:06:42+00:00
5,BAW957L ,116,EGSG,907,2687,EDDM,1087,377,1728594147,2024-10-10 21:02:27+00:00,40697b,1728598718,2024-10-10 22:18:38+00:00
2,BAE34   ,112,EGNO,337,5865,EGXC,1546,449,1728597497,2024-10-10 21:58:17+00:00,40776d,1728598839,2024-10-10 22:20:39+00:00
4,AAC319  ,61,EGXE,856,27239,EGXE,834,20,1728598307,2024-10-10 22:11:47+00:00,43c932,1728600158,2024-10-10 22:42:38+00:00
0,EJU86FD ,126,LIAU,29784,3241,LSZM,1891,690,1728595707,2024-10-10 21:28:27+00:00,44001f,1728598020,2024-10-10 22:07:00+00:00
1,JAF5BW  ,99,OJAI,842,7469,EBBR,10723,1582,1728589226,2024-10-10 19:40:26+00:00,44d2ab,1728598310,2024-10-10 22:11:50+00:00
0,OAL2KP  ,0,,0,0,,0,0,1728597702,2024-10-10 22:01:42+00:00,46b8b3,1728598411,2024-10-10 22:13:31+00:00
1,WZZ8765 ,41,EPKK,1412,10426,EPKK,152,170,1728589755,2024-10-10 19:49:15+00:00,471f68,1728598883,2024-10-10 22:21:23+00:00
0,WIF5JF  ,23,,0,0,ENGM,1799,462,1728597104,2024-10-10 21:51:44+00:00,478091,1728598727,2024-10-10 22:18:47+00:00
0,SAS4581 ,0,,0,0,,0,0,1728597657,2024-10-10 22:00:57+00:00,47ba0d,1728598295,2024-10-10 22:11:35+00:00
0,TRA88W  ,95,,0,0,EBBR,228,73,1728594707,2024-10-10 21:11:47+00:00,484186,1728599713,2024-10-10 22:35:13+00:00
94,PHKFO   ,68,EDWI,8317,231,EHGG,524,208,1728598312,2024-10-10 22:11:52+00:00,48676f,1728600797,2024-10-10 22:53:17+00:00
1,LOT3923 ,31,EPKK,1117,10122,EPWA,2784,529,1728597074,2024-10-10 21:51:14+00:00,48ad84,1728597900,2024-10-10 22:05:00+00:00
1,RYR8GW  ,0,EPKK,1313,8963,,0,0,1728593227,2024-10-10 20:47:07+00:00,48c239,1728598090,2024-10-10 22:08:10+00:00
0,RYR2WK  ,18,,0,0,LIRF,221768,780,1728597043,2024-10-10 21:50:43+00:00,48c2a3,1728598283,2024-10-10 22:11:23+00:00
0,SAS12B  ,22,ESNP,29341,3674,ESSA,399,41,1728595932,2024-10-10 21:32:12+00:00,4ac9f4,1728597850,2024-10-10 22:04:10+00:00
0,SWE42B  ,21,,0,0,ESSB,443,412,1728596466,2024-10-10 21:41:06+00:00,4acac3,1728597791,2024-10-10 22:03:11+00:00
0,SAS4424 ,23,,0,0,BIKF,758,534,1728589566,2024-10-10 19:46:06+00:00,4acb44,1728598912,2024-10-10 22:21:52+00:00
4,SWR95H  ,129,LIMC,1171,15249,LSZH,1211,56,1728596202,2024-10-10 21:36:42+00:00,4b19f4,1728597776,2024-10-10 22:02:56+00:00
7,TKJ5223 ,15,LTXE,16296,2464,LTFJ,3495,956,1728595727,2024-10-10 21:28:47+00:00,4ba8f5,1728599051,2024-10-10 22:24:11+00:00
0,THY1SG  ,14,LTBM,161940,2476,LTFM,3933,533,1728597368,2024-10-10 21:56:08+00:00,4baaca,1728598805,2024-10-10 22:20:05+00:00
6,TAH4318 ,129,LTAI,14649,2559,LSZH,1006,63,1728594148,2024-10-10 21:02:28+00:00,4bd184,1728600497,2024-10-10 22:48:17+00:00
1,ASL20T  ,31,LYPO,16862,3681,LYBE,743,126,1728596895,2024-10-10 21:48:15+00:00,4c01e5,1728597929,2024-10-10 22:05:29+00:00
0,RYR2708 ,52,,0,0,LIPQ,21909,247,1728590491,2024-10-10 20:01:31+00:00,4ca4ed,1728597754,2024-10-10 22:02:34+00:00
0,ITY1633 ,57,,0,0,LIML,1790,372,1728595604,2024-10-10 21:26:44+00:00,4cae11,1728598240,2024-10-10 22:10:40+00:00
0,RYR18WM ,46,,0,0,LIPZ,44998,637,1728595123,2024-10-10 21:18:43+00:00,4d226f,1728597960,2024-10-10 22:06:00+00:00
0,ANE16SC ,5,LE84,144550,2231,LEMG,4697,2353,1728597647,2024-10-10 22:00:47+00:00,4d2367,1728598536,2024-10-10 22:15:36+00:00
0,TAG15   ,0,,0,0,,0,0,1728598111,2024-10-10 22:08:31+00:00,500218,1728599108,2024-10-10 22:25:08+00:00
2,CTN344  ,33,LQVI,23126,2683,LDZB,8915,2029,1728598254,2024-10-10 22:10:54+00:00,501dc4,1728599070,2024-10-10 22:24:30+00:00
11,IGO48CP ,0,VECC,321,17,,0,0,1728593258,2024-10-10 20:47:38+00:00,502d9a,1728598111,2024-10-10 22:08:31+00:00
1,SVA3020 ,0,ZGSD,16022,6866,,0,0,1728592845,2024-10-10 20:40:45+00:00,710102,1728600197,2024-10-10 22:43:17+00:00
2,SIA208  ,87,WSAC,25824,2949,YMML,1406,94,1728549886,2024-10-10 08:44:46+00:00,76cda4,1728598369,2024-10-10 22:12:49+00:00
0,EPA6236 ,0,,0,0,,0,0,1728598485,2024-10-10 22:14:45+00:00,781130,1728598826,2024-10-10 22:20:26+00:00
0,CRK619  ,0,,0,0,,0,0,1728589766,2024-10-10 19:49:26+00:00,78927c,1728600170,2024-10-10 22:42:50+00:00
0,HGB345  ,16,VHHH,21066,2513,RJBB,3112,441,1728590969,2024-10-10 20:09:29+00:00,78928e,1728599564,2024-10-10 22:32:44+00:00
0,IGO7238 ,5,,0,0,VOMM,993,288,1728597174,2024-10-10 21:52:54+00:00,800c6e,1728598493,2024-10-10 22:14:53+00:00
0,VJC943  ,11,VVKP,28640,4067,RCTP,3913,562,1728590983,2024-10-10 20:09:43+00:00,88815a,1728597949,2024-10-10 22:05:49+00:00
244,N102UV  ,256,VA04,3312,441,KROA,804,137,1728597790,2024-10-10 22:03:10+00:00,a00df8,1728599370,2024-10-10 22:29:30+00:00
61,N127KC  ,59,KLGU,16752,1338,KLGU,560,13,1728597184,2024-10-10 21:53:04+00:00,a06e97,1728598367,2024-10-10 22:12:47+00:00
280,N135RF  ,282,WV65,10978,161,KMGW,658,52,1728598878,2024-10-10 22:21:18+00:00,a08f41,1728600163,2024-10-10 22:42:43+00:00
178,N137DH  ,175,93CO,17524,762,KAPA,1486,25,1728597387,2024-10-10 21:56:27+00:00,a09585,1728599037,2024-10-10 22:23:57+00:00
118,SCA17   ,118,KSDL,686,25,KSDL,572,19,1728599619,2024-10-10 22:33:39+00:00,a11e77,1728600347,2024-10-10 22:45:47+00:00
199,N176WC  ,0,KBFI,1471,90,MT52,18930,4102,1728595759,2024-10-10 21:29:19+00:00,a1316e,1728598375,2024-10-10 22:12:55+00:00
83,N20PN   ,118,KSEZ,10371,1400,KSDL,793,10,1728597358,2024-10-10 21:55:58+00:00,a190fc,1728599092,2024-10-10 22:24:52+00:00
500,N24522  ,500,3XA1,3920,710,6XS8,5516,789,1728598866,2024-10-10 22:21:06+00:00,a2454b,1728599010,2024-10-10 22:23:30+00:00
182,N27409  ,249,03NY,4569,283,KFRG,1082,135,1728597582,2024-10-10 21:59:42+00:00,a2b7d2,1728598294,2024-10-10 22:11:34+00:00
325,N275FL  ,385,KMJX,3258,104,KTTN,2510,201,1728597778,2024-10-10 22:02:58+00:00,a2b997,1728600723,2024-10-10 22:52:03+00:00
14,N280KX  ,117,KFMN,6772,3076,KSDL,1657,370,1728597788,2024-10-10 22:03:08+00:00,a2cef2,1728598991,2024-10-10 22:23:11+00:00
97,N288ME  ,135,KMHE,728,31,KBKX,451,14,1728597496,2024-10-10 21:58:16+00:00,a2eccb,1728599484,2024-10-10 22:31:24+00:00
267,N291DF  ,304,KAIK,633,31,2NC6,4295,672,1728596233,2024-10-10 21:37:13+00:00,a2f982,1728598481,2024-10-10 22:14:41+00:00
481,N308SP  ,496,5TS4,2320,734,KADS,441,199,1728597174,2024-10-10 21:52:54+00:00,a33ea8,1728598125,2024-10-10 22:08:45+00:00
75,N329SB  ,139,KL35,15928,890,KREI,5702,595,1728598783,2024-10-10 22:19:43+00:00,a39151,1728599224,2024-10-10 22:27:04+00:00
194,JBU554  ,504,KBOS,1566,13,KDCA,810,140,1728596747,2024-10-10 21:45:47+00:00,a3b09a,1728598518,2024-10-10 22:15:18+00:00
2,N34MM   ,272,KT24,11385,4271,TX24,9894,1840,1728597006,2024-10-10 21:50:06+00:00,a3bc14,1728598263,2024-10-10 22:11:03+00:00
2,N4169W  ,205,K43B,24896,2692,KBED,387,81,1728593939,2024-10-10 20:58:59+00:00,a4ee12,1728598271,2024-10-10 22:11:11+00:00
196,N432WT  ,495,AR08,11585,2339,KADS,1035,230,1728595786,2024-10-10 21:29:46+00:00,a52c92,1728599218,2024-10-10 22:26:58+00:00
316,AAL1046 ,126,KATL,969,53,KMIA,1215,523,1728594041,2024-10-10 21:00:41+00:00,a555c3,1728598585,2024-10-10 22:16:25+00:00
109,N500TQ  ,0,AL40,22376,2438,4MS3,11233,2356,1728597607,2024-10-10 22:00:07+00:00,a63ba8,1728598806,2024-10-10 22:20:06+00:00
271,N508XX  ,369,KBBD,18978,2094,KSKF,6052,246,1728596384,2024-10-10 21:39:44+00:00,a659cb,1728599588,2024-10-10 22:33:08+00:00
77,WUP509  ,1,KTEX,1912,120,6OK6,8086,11063,1728593223,2024-10-10 20:47:03+00:00,a65d2f,1728597872,2024-10-10 22:04:32+00:00
1,N525KH  ,513,3NE7,22453,5303,KPWK,1710,267,1728594808,2024-10-10 21:13:28+00:00,a69c6a,1728598141,2024-10-10 22:09:01+00:00
319,N575CC  ,3,PN47,11231,2013,36AR,1651,7711,1728593411,2024-10-10 20:50:11+00:00,a76131,1728598101,2024-10-10 22:08:21+00:00
57,N605CA  ,59,UT90,8340,1354,KLGU,254,47,1728596894,2024-10-10 21:48:14+00:00,a7da05,1728597916,2024-10-10 22:05:16+00:00
272,N606AH  ,259,KLEX,8538,31,31KY,11403,361,1728599369,2024-10-10 22:29:29+00:00,a7dd91,1728599544,2024-10-10 22:32:24+00:00
513,N621HS  ,509,4LL8,3281,384,K3CK,2246,399,1728598395,2024-10-10 22:13:15+00:00,a81ab4,1728598799,2024-10-10 22:19:59+00:00
1,SKW4261 ,255,K05D,4323,5433,KMSP,2843,299,1728595024,2024-10-10 21:17:04+00:00,a86925,1728598642,2024-10-10 22:17:22+00:00
120,NDU659  ,121,KP08,3626,274,KIWA,307,43,1728596718,2024-10-10 21:45:18+00:00,a8af59,1728601071,2024-10-10 22:57:51+00:00
8,N699TP  ,329,NC20,5112,3007,KBUY,4324,573,1728597071,2024-10-10 21:51:11+00:00,a94ddc,1728598461,2024-10-10 22:14:21+00:00
130,N72NG   ,110,KPMD,7855,1747,KMYF,2518,327,1728596523,2024-10-10 21:42:03+00:00,a9a266,1728597732,2024-10-10 22:02:12+00:00
61,CPT8803 ,51,KMLD,28294,1614,KSLC,628,7,1728595786,2024-10-10 21:29:46+00:00,aa2978,1728597771,2024-10-10 22:02:51+00:00
309,AAL1150 ,315,KLGA,681,59,KCLT,4479,610,1728594768,2024-10-10 21:12:48+00:00,aa55ee,1728598274,2024-10-10 22:11:14+00:00
76,N770PC  ,250,OL04,10566,2111,KUAO,1878,365,1728598293,2024-10-10 22:11:33+00:00,aa6a4f,1728599159,2024-10-10 22:25:59+00:00
0,SWA1781 ,174,UT70,27818,9989,KDEN,3617,81,1728595663,2024-10-10 21:27:43+00:00,aa6fca,1728598491,2024-10-10 22:14:51+00:00
532,N781FM  ,531,KFME,977,15,KFME,608,45,1728598209,2024-10-10 22:10:09+00:00,aa94c6,1728600520,2024-10-10 22:48:40+00:00
174,SWA503  ,109,KOAK,2441,10,KSAN,330,55,1728596987,2024-10-10 21:49:47+00:00,aa9ab6,1728600024,2024-10-10 22:40:24+00:00
257,N79NG   ,0,KWLD,18745,2214,,0,0,1728593562,2024-10-10 20:52:42+00:00,aab6df,1728597861,2024-10-10 22:04:21+00:00
55,N80866  ,51,NM74,16062,1038,KABQ,406,16,1728596476,2024-10-10 21:41:16+00:00,ab02de,1728597936,2024-10-10 22:05:36+00:00
98,NDU824  ,121,2AZ1,6742,2052,KIWA,803,58,1728594049,2024-10-10 21:00:49+00:00,ab40e7,1728598115,2024-10-10 22:08:35+00:00
481,N86BJ   ,480,6XS7,5619,211,XA99,7782,255,1728598282,2024-10-10 22:11:22+00:00,abcca0,1728598294,2024-10-10 22:11:34+00:00
2,SWA1906 ,0,41AR,8626,5425,CO09,12084,5760,1728590811,2024-10-10 20:06:51+00:00,ac4b72,1728597804,2024-10-10 22:03:24+00:00
37,N922KV  ,0,KM45,12145,1960,,0,0,1728599010,2024-10-10 22:23:30+00:00,acc68d,1728600321,2024-10-10 22:45:21+00:00
289,N93LL   ,288,SC00,11208,219,SC33,4423,152,1728597789,2024-10-10 22:03:09+00:00,ace455,1728598225,2024-10-10 22:10:25+00:00
78,KATT11  ,143,2AL1,2725,2537,KNPA,2243,326,1728599863,2024-10-10 22:37:43+00:00,ae08b7,1728600691,2024-10-10 22:51:31+00:00
0,GY01    ,265,,0,0,KLFI,11093,1398,1728597897,2024-10-10 22:04:57+00:00,ae63f3,1728598299,2024-10-10 22:11:39+00:00
117,CFETR   ,117,CYXX,397,44,CYXX,748,47,1728600473,2024-10-10 22:47:53+00:00,c00c90,1728600587,2024-10-10 22:49:47+00:00
385,CFFTU   ,217,CYPT,3512,1075,CYKF,1893,196,1728596844,2024-10-10 21:47:24+00:00,c00f37,1728601206,2024-10-10 23:00:06+00:00
0,CFSUG   ,0,CFF2,18293,5718,,0,0,1728589469,2024-10-10 19:44:29+00:00,c03197,1728597948,2024-10-10 22:05:48+00:00
41,CGMGO   ,41,CYQB,1706,17,CYQB,2527,199,1728600181,2024-10-10 22:43:01+00:00,c06503,1728600397,2024-10-10 22:46:37+00:00
24,WEN3296 ,64,CKH8,19918,2506,CYYC,2524,40,1728594708,2024-10-10 21:11:48+00:00,c07915,1728597800,2024-10-10 22:03:20+00:00
3,LVGQN   ,27,SUMU,6629,4646,SADF,1390,156,1728596894,2024-10-10 21:48:14+00:00,e0744e,1728598273,2024-10-10 22:11:13+00:00
13,JOS5218 ,31,MMJC,18977,519,MGGT,3583,502,1728605366,2024-10-11 00:09:26+00:00,0c2056,1728608760,2024-10-11 01:06:00+00:00
14,VIV9301 ,4,MMJC,14081,214,MMHO,595,121,1728599620,2024-10-10 22:33:40+00:00,0d0ba3,1728607861,2024-10-11 00:51:01+00:00
5,IBE0434 ,28,LEVT,10123,2702,LEMD,6467,252,1728605910,2024-10-11 00:18:30+00:00,344449,1728607881,2024-10-11 00:51:21+00:00
3,ANE72RU ,29,LELO,29349,3128,LEMD,2037,99,1728608161,2024-10-11 00:56:01+00:00,3452c7,1728609439,2024-10-11 01:17:19+00:00
87,AFR47DW ,33,LFPO,947,40,LFMN,583,118,1728605152,2024-10-11 00:05:52+00:00,3950cc,1728608169,2024-10-11 00:56:09+00:00
0,EZY87WY ,126,,0,0,EGGW,1422,228,1728606362,2024-10-11 00:26:02+00:00,400db2,1728609978,2024-10-11 01:26:18+00:00
87,AUA234B ,83,LOWW,2259,60,EDDB,4768,653,1728605462,2024-10-11 00:11:02+00:00,440050,1728608103,2024-10-11 00:55:03+00:00
0,EJU39KV ,70,,0,0,LIMC,271,63,1728605235,2024-10-11 00:07:15+00:00,440181,1728608023,2024-10-11 00:53:43+00:00
0,FIN7DR  ,63,EETN,26035,3556,LHBP,1619,207,1728606251,2024-10-11 00:24:11+00:00,461f31,1728609861,2024-10-11 01:24:21+00:00
2,WIF149  ,23,ENKL,83796,2173,ENGM,2850,402,1728608799,2024-10-11 01:06:39+00:00,478091,1728609973,2024-10-11 01:26:13+00:00
0,NOZ6TC  ,22,,0,0,ENGM,4573,661,1728606121,2024-10-11 00:22:01+00:00,47a518,1728608050,2024-10-11 00:54:10+00:00
0,RYR9KYE ,0,,0,0,EPKK,1140,10731,1728605899,2024-10-11 00:18:19+00:00,48c224,1728608243,2024-10-11 00:57:23+00:00
0,TCSTA   ,13,LQSA,17380,3578,LTBA,1242,194,1728604833,2024-10-11 00:00:33+00:00,4bce81,1728607910,2024-10-11 00:51:50+00:00
0,RYR77MB ,0,,0,0,,0,0,1728607198,2024-10-11 00:39:58+00:00,4ca75f,1728609259,2024-10-11 01:14:19+00:00
22,SAS725  ,23,ESSA,898,255,EFHK,1018,181,1728606377,2024-10-11 00:26:17+00:00,4cad94,1728608137,2024-10-11 00:55:37+00:00
0,RYR7NV  ,0,LELM,25225,3566,,0,0,1728606579,2024-10-11 00:29:39+00:00,4cae49,1728608292,2024-10-11 00:58:12+00:00
0,RYR7GG  ,32,LEIB,22986,9266,EPWA,2214,423,1728601878,2024-10-10 23:11:18+00:00,4cae95,1728608852,2024-10-11 01:07:32+00:00
0,RYR7CE  ,86,,0,0,LFOB,7080,1140,1728603875,2024-10-10 23:44:35+00:00,4d222a,1728608226,2024-10-11 00:57:06+00:00
1,RYR5934 ,59,LDSR,6666,8221,LIME,2999,660,1728606736,2024-10-11 00:32:16+00:00,4d2302,1728608321,2024-10-11 00:58:41+00:00
1,MNE301  ,149,LYTV,12370,3384,EDDF,5424,247,1728603028,2024-10-10 23:30:28+00:00,508267,1728608680,2024-10-11 01:04:40+00:00
0,SAS054  ,22,,0,0,ESSA,196,301,1728607981,2024-10-11 00:53:01+00:00,5110e9,1728609089,2024-10-11 01:11:29+00:00
5,CPA501  ,16,VHHH,18694,2224,RJAA,2080,437,1728593639,2024-10-10 20:53:59+00:00,780ab7,1728608053,2024-10-11 00:54:13+00:00
0,JST279  ,22,NZOA,20770,5103,NZWN,9385,1115,1728608244,2024-10-11 00:57:24+00:00,7c6b39,1728609770,2024-10-11 01:22:50+00:00
1,IGO572  ,11,VQ10,174046,906,VECC,824,48,1728605374,2024-10-11 00:09:34+00:00,801622,1728607820,2024-10-11 00:50:20+00:00
4,N104JP  ,166,1FD4,18454,3153,KECP,6003,946,1728602948,2024-10-10 23:29:08+00:00,a01466,1728609120,2024-10-11 01:12:00+00:00
316,DAL2787 ,170,KDTW,2510,13,KDEN,5618,272,1728605385,2024-10-11 00:09:45+00:00,a0669d,1728611065,2024-10-11 01:44:25+00:00
238,N144WA  ,233,KHVC,2857,110,KCKV,754,45,1728607347,2024-10-11 00:42:27+00:00,a0b381,1728611090,2024-10-11 01:44:50+00:00
8,N168GG  ,469,IS55,15076,3389,KMSN,2135,95,1728607430,2024-10-11 00:43:50+00:00,a11003,1728608843,2024-10-11 01:07:23+00:00
499,N197SH  ,502,KFTW,2960,118,KFTW,5693,210,1728606682,2024-10-11 00:31:22+00:00,a183c4,1728608379,2024-10-11 00:59:39+00:00
38,SKW3384 ,264,6CL6,15182,2206,KPDX,706,127,1728605684,2024-10-11 00:14:44+00:00,a18b41,1728608944,2024-10-11 01:09:04+00:00
512,N216LT  ,526,30IS,3335,434,KDPA,2402,378,1728609150,2024-10-11 01:12:30+00:00,a1d0d8,1728610663,2024-10-11 01:37:43+00:00
514,N220HG  ,499,5TA1,1769,218,KGPM,1864,156,1728607801,2024-10-11 00:50:01+00:00,a1e1b7,1728610587,2024-10-11 01:36:27+00:00
134,DLX24   ,134,KVNY,1107,46,KVNY,1107,46,1728608933,2024-10-11 01:08:53+00:00,a22e2c,1728609299,2024-10-11 01:14:59+00:00
9,ENY3933 ,115,9CA0,14958,2563,KPHX,906,18,1728605100,2024-10-11 00:05:00+00:00,a27a26,1728607919,2024-10-11 00:51:59+00:00
102,LYM5411 ,503,1TE0,7881,1424,KDFW,4505,333,1728606146,2024-10-11 00:22:26+00:00,a2e47f,1728608321,2024-10-11 00:58:41+00:00
491,N2936Q  ,501,TX39,4345,1051,KDTO,4689,642,1728608884,2024-10-11 01:08:04+00:00,a303d8,1728609238,2024-10-11 01:13:58+00:00
53,TKR107  ,24,UT83,29917,1493,NV14,90910,1798,1728607388,2024-10-11 00:43:08+00:00,a30fe0,1728608718,2024-10-11 01:05:18+00:00
2,N300PL  ,245,KBJI,22218,6281,KFCM,3126,356,1728607795,2024-10-11 00:49:55+00:00,a320a2,1728610117,2024-10-11 01:28:37+00:00
192,ENY3903 ,499,1TN2,6533,2286,KDFW,3812,378,1728604858,2024-10-11 00:00:58+00:00,a33222,1728608892,2024-10-11 01:08:12+00:00
107,N320AV  ,112,16AZ,16539,1359,KGYR,189,55,1728607640,2024-10-11 00:47:20+00:00,a36e64,1728610158,2024-10-11 01:29:18+00:00
5,N323NE  ,176,74WA,13791,3916,KAPC,798,164,1728603217,2024-10-10 23:33:37+00:00,a37aa6,1728608339,2024-10-11 00:58:59+00:00
53,TKR162  ,0,UT83,30645,1409,,0,0,1728607981,2024-10-11 00:53:01+00:00,a3f763,1728609303,2024-10-11 01:15:03+00:00
317,FFT4106 ,262,KATL,2074,15,KIAH,8306,1052,1728606163,2024-10-11 00:22:43+00:00,a41090,1728608446,2024-10-11 01:00:46+00:00
110,N361TD  ,0,KMYF,784,0,KL73,8250,6016,1728606819,2024-10-11 00:33:39+00:00,a411b0,1728609182,2024-10-11 01:13:02+00:00
195,N458MM  ,163,KTCY,251,28,KSQL,280,24,1728609388,2024-10-11 01:16:28+00:00,a590f3,1728611251,2024-10-11 01:47:31+00:00
14,N462HP  ,115,KP52,21094,3048,KPHX,894,27,1728607595,2024-10-11 00:46:35+00:00,a5a1c6,1728608568,2024-10-11 01:02:48+00:00
4,SKW5236 ,522,0PS4,6634,2993,KORD,1072,39,1728606837,2024-10-11 00:33:57+00:00,a5c504,1728608512,2024-10-11 01:01:52+00:00
108,N484LP  ,46,16AZ,17671,1244,16AZ,15867,1275,1728605712,2024-10-11 00:15:12+00:00,a5f87d,1728608321,2024-10-11 00:58:41+00:00
89,N5156J  ,134,CL46,2131,1594,KVNY,839,31,1728608370,2024-10-11 00:59:30+00:00,a67735,1728609928,2024-10-11 01:25:28+00:00
59,TKR912  ,0,1ID9,19219,1211,,0,0,1728606661,2024-10-11 00:31:01+00:00,a69072,1728608279,2024-10-11 00:57:59+00:00
455,N530PC  ,478,TX68,2076,702,3TA7,7924,1386,1728606884,2024-10-11 00:34:44+00:00,a6b1b5,1728608568,2024-10-11 01:02:48+00:00
60,N5810F  ,130,KTVL,16264,1245,KSNA,3841,333,1728607583,2024-10-11 00:46:23+00:00,a77bfd,1728610043,2024-10-11 01:27:23+00:00
59,TKR914  ,0,1ID9,19405,1363,UT09,126061,1965,1728607171,2024-10-11 00:39:31+00:00,a7d27a,1728607936,2024-10-11 00:52:16+00:00
27,TKR914  ,1,K36U,42776,2320,KEMM,167952,1825,1728609848,2024-10-11 01:24:08+00:00,a7d27a,1728610999,2024-10-11 01:43:19+00:00
4,SKW4850 ,499,8TS2,11878,3000,KDFW,2538,348,1728607879,2024-10-11 00:51:19+00:00,a7ea48,1728608797,2024-10-11 01:06:37+00:00
1,UPS4    ,0,VMMC,11259,5785,,0,0,1728588477,2024-10-10 19:27:57+00:00,a7ff6a,1728608892,2024-10-11 01:08:12+00:00
0,N618XP  ,335,,0,0,KTEB,2514,363,1728598584,2024-10-10 22:16:24+00:00,a80e91,1728608540,2024-10-11 01:02:20+00:00
119,N652PL  ,0,SN29,13418,2163,K0C4,1226,3201,1728603663,2024-10-10 23:41:03+00:00,a89578,1728608240,2024-10-11 00:57:20+00:00
128,QXE2105 ,208,6WA3,18964,2293,KSEA,731,157,1728606604,2024-10-11 00:30:04+00:00,a8c489,1728607787,2024-10-11 00:49:47+00:00
54,N690TG  ,49,K36U,29944,1703,KSLC,2363,60,1728606786,2024-10-11 00:33:06+00:00,a92c66,1728608216,2024-10-11 00:56:56+00:00
44,N691PS  ,51,KENV,37810,1383,KBTF,2383,96,1728604678,2024-10-10 23:57:58+00:00,a92fc3,1728607955,2024-10-11 00:52:35+00:00
1,N725TW  ,218,KFLO,15111,4344,KTYS,811,39,1728606495,2024-10-11 00:28:15+00:00,a9b7dd,1728608617,2024-10-11 01:03:37+00:00
330,N731BP  ,229,KAGC,1258,38,KORF,2245,304,1728607820,2024-10-11 00:50:20+00:00,a9cee9,1728610818,2024-10-11 01:40:18+00:00
64,N734M   ,64,KU10,15796,1538,KU10,15716,1538,1728608387,2024-10-11 00:59:47+00:00,a9dafa,1728608387,2024-10-11 00:59:47+00:00
268,N756PC  ,451,KBUF,231,84,KPHL,4147,728,1728607465,2024-10-11 00:44:25+00:00,aa319b,1728609093,2024-10-11 01:11:33+00:00
0,JBU1693 ,134,,0,0,KFLL,1017,439,1728608008,2024-10-11 00:53:28+00:00,aa7c64,1728608905,2024-10-11 01:08:25+00:00
485,N78183  ,500,09TA,1456,328,KDTO,3239,413,1728607516,2024-10-11 00:45:16+00:00,aa97c9,1728608288,2024-10-11 00:58:08+00:00
0,SKW5354 ,266,KAEJ,26733,3422,KIAH,5614,1006,1728603135,2024-10-10 23:32:15+00:00,aaafd8,1728607832,2024-10-11 00:50:32+00:00
134,N7901C  ,134,KVNY,212,61,KVNY,398,31,1728608540,2024-10-11 01:02:20+00:00,aaba83,1728610058,2024-10-11 01:27:38+00:00
234,N810JP  ,237,KGWW,12818,1025,KGWW,13096,446,1728606145,2024-10-11 00:22:25+00:00,ab0a32,1728608149,2024-10-11 00:55:49+00:00
2,N8264E  ,239,KJEF,5225,4526,KJEF,10892,282,1728607567,2024-10-11 00:46:07+00:00,ab4a0e,1728608016,2024-10-11 00:53:36+00:00
422,CXK1121 ,323,KCLL,14864,923,TE85,2521,755,1728606348,2024-10-11 00:25:48+00:00,ab6748,1728608456,2024-10-11 01:00:56+00:00
0,SKW3927 ,324,,0,0,KDTW,3486,374,1728607880,2024-10-11 00:51:20+00:00,ab7b63,1728609124,2024-10-11 01:12:04+00:00
467,WUP849  ,300,KIAD,367,64,KSVH,642,63,1728606258,2024-10-11 00:24:18+00:00,aba318,1728609792,2024-10-11 01:23:12+00:00
118,PJC65   ,329,KSDL,398,18,KATW,2877,444,1728599956,2024-10-10 22:39:16+00:00,abe234,1728608566,2024-10-11 01:02:46+00:00
0,LYM4210 ,170,25NE,27616,3192,KDEN,5795,127,1728606654,2024-10-11 00:30:54+00:00,ac2591,1728607968,2024-10-11 00:52:48+00:00
5,N886DB  ,3,KRCT,5701,5873,K68J,8042,2154,1728602710,2024-10-10 23:25:10+00:00,ac346c,1728608425,2024-10-11 01:00:25+00:00
0,N91AP   ,149,KGUC,19741,3564,KPUB,728,23,1728606553,2024-10-11 00:29:13+00:00,ac9460,1728608146,2024-10-11 00:55:46+00:00
171,N912VM  ,185,KSJC,1072,3,KLVK,3128,396,1728608465,2024-10-11 01:01:05+00:00,aca000,1728609853,2024-10-11 01:24:13+00:00
177,N915CM  ,177,KHWD,80,46,KHWD,745,14,1728606414,2024-10-11 00:26:54+00:00,aca97c,1728607860,2024-10-11 00:51:00+00:00
16,N940SB  ,122,21TE,4752,3903,9TX3,7339,1298,1728605666,2024-10-11 00:14:26+00:00,ad0eba,1728609538,2024-10-11 01:18:58+00:00
20,N9529G  ,1,KI50,4935,2727,KI50,5123,2514,1728607354,2024-10-11 00:42:34+00:00,ad3faf,1728608103,2024-10-11 00:55:03+00:00
21,N956PP  ,316,VA85,7630,2889,KFTY,347,2,1728605061,2024-10-11 00:04:21+00:00,ad4c44,1728607840,2024-10-11 00:50:40+00:00
533,SKW5807 ,463,K06C,4767,426,KPIA,5226,416,1728609203,2024-10-11 01:13:23+00:00,ad504d,1728610767,2024-10-11 01:39:27+00:00
130,PAT562  ,143,WY05,23769,963,KCYS,39372,644,1728606267,2024-10-11 00:24:27+00:00,adfe4b,1728607853,2024-10-11 00:50:53+00:00
38,BALL57  ,260,8OK7,16193,2625,75OK,11907,1156,1728606055,2024-10-11 00:20:55+00:00,ae13a8,1728607846,2024-10-11 00:50:46+00:00
109,LS09    ,108,KNZY,1172,38,KNZY,1547,53,1728606421,2024-10-11 00:27:01+00:00,ae27a2,1728610680,2024-10-11 01:38:00+00:00
1,STALK08 ,60,65NM,3145,3226,50NM,60315,780,1728607598,2024-10-11 00:46:38+00:00,ae6c0f,1728608976,2024-10-11 01:09:36+00:00
117,CGPPQ   ,233,CPC2,3504,287,CYTZ,244,38,1728607972,2024-10-11 00:52:52+00:00,c06ddb,1728610084,2024-10-11 01:28:04+00:00
0,LEPD4   ,0,,0,0,,0,0,1728607356,2024-10-11 00:42:36+00:00,c2b0ad,1728608239,2024-10-11 00:57:19+00:00
44,ZKLTT   ,41,NZTG,12181,270,NZRO,2839,263,1728607930,2024-10-11 00:52:10+00:00,c8107e,1728608312,2024-10-11 00:58:32+00:00
0,SDA802  ,20,NZTN,14321,3080,NZWN,6585,940,1728607077,2024-10-11 00:37:57+00:00,c822bb,1728608791,2024-10-11 01:06:31+00:00
0,N       ,61,,0,0,SBBR,881,8,1728607196,2024-10-11 00:39:56+00:00,e49a43,1728607913,2024-10-11 00:51:53+00:00
0,LPE2186 ,11,,0,0,SPJC,2934,377,1728607205,2024-10-11 00:40:05+00:00,e8041b,1728607825,2024-10-11 00:50:25+00:00
1,EZY84PK ,109,EPKK,867,3264,EGKK,1816,365,1728927323,2024-10-14 17:35:23+00:00,406012,1728934043,2024-10-14 19:27:23+00:00
10,EZY93HR ,124,LPFR,1196,7,EGGW,1398,258,1728924658,2024-10-14 16:50:58+00:00,407796,1728933777,2024-10-14 19:22:57+00:00
2,WIF149  ,23,ENKL,86509,2173,ENGM,2884,188,1728932776,2024-10-14 19:06:16+00:00,478091,1728934944,2024-10-14 19:42:24+00:00
0,NOZ328  ,23,,0,0,ENGM,3567,242,1728929354,2024-10-14 18:09:14+00:00,47a531,1728934183,2024-10-14 19:29:43+00:00
0,THY6YT  ,25,,0,0,EETN,873,59,1728925441,2024-10-14 17:04:01+00:00,4baa56,1728935074,2024-10-14 19:44:34+00:00
0,THY271  ,14,,0,0,LTFM,6466,388,1728924407,2024-10-14 16:46:47+00:00,4baac1,1728935074,2024-10-14 19:44:34+00:00
0,THY40X  ,76,LTBU,27667,3475,EGCC,642,24,1728924593,2024-10-14 16:49:53+00:00,4bb28a,1728935219,2024-10-14 19:46:59+00:00
0,ELY545  ,33,,0,0,LLBG,1933,103,1728933160,2024-10-14 19:12:40+00:00,738055,1728934578,2024-10-14 19:36:18+00:00
20,ANA968  ,0,RJTT,1473,102,,0,0,1728932289,2024-10-14 18:58:09+00:00,86ced2,1728936953,2024-10-14 20:15:53+00:00
195,AXLE10  ,174,KBFI,343,52,KOAK,1960,63,1728931387,2024-10-14 18:43:07+00:00,a0299e,1728936806,2024-10-14 20:13:26+00:00
3,N180LD  ,23,ENRO,67293,2322,ENGM,3416,264,1728933233,2024-10-14 19:13:53+00:00,a141aa,1728934868,2024-10-14 19:41:08+00:00
98,N246EA  ,40,48AZ,11140,1722,KP52,11970,1661,1728933488,2024-10-14 19:18:08+00:00,a246ae,1728934219,2024-10-14 19:30:19+00:00
4,VTE3052 ,521,KMVN,7308,2764,KORD,4056,351,1728932601,2024-10-14 19:03:21+00:00,a2768c,1728934636,2024-10-14 19:37:16+00:00
33,VJA320  ,427,9CA0,6290,2197,KAUS,1188,40,1728924335,2024-10-14 16:45:35+00:00,a36f1d,1728934027,2024-10-14 19:27:07+00:00
99,N421JF  ,80,KE77,32607,1745,KSMX,1227,11,1728924705,2024-10-14 16:51:45+00:00,a50024,1728934157,2024-10-14 19:29:17+00:00
97,N485LP  ,28,48AZ,10899,1729,AZ97,156129,1970,1728923090,2024-10-14 16:24:50+00:00,a5fc34,1728934098,2024-10-14 19:28:18+00:00
59,XSM52   ,4,KHND,679,43,CO95,47829,1705,1728927952,2024-10-14 17:45:52+00:00,a687c8,1728934145,2024-10-14 19:29:05+00:00
59,N525KF  ,335,KHND,169,58,KTEB,1702,423,1728917496,2024-10-14 14:51:36+00:00,a69c68,1728933853,2024-10-14 19:24:13+00:00
501,N557PC  ,500,TA19,2156,839,4TX8,2924,630,1728933760,2024-10-14 19:22:40+00:00,a71ab4,1728935684,2024-10-14 19:54:44+00:00
117,N682WY  ,318,KLAR,8499,964,KSOP,4644,737,1728922004,2024-10-14 16:06:44+00:00,a90cb0,1728935284,2024-10-14 19:48:04+00:00
133,N714TA  ,133,KTOA,857,14,KTOA,2111,181,1728932775,2024-10-14 19:06:15+00:00,a98c93,1728934421,2024-10-14 19:33:41+00:00
124,N735AK  ,178,46CO,18863,1344,KFTG,3718,179,1728931556,2024-10-14 18:45:56+00:00,a9dda8,1728934797,2024-10-14 19:39:57+00:00
94,N756DN  ,94,KSDM,881,7,KSDM,516,37,1728932632,2024-10-14 19:03:52+00:00,aa30ab,1728934034,2024-10-14 19:27:14+00:00
20,EJA765  ,7,CJS4,10574,2531,89OR,25250,3307,1728927748,2024-10-14 17:42:28+00:00,aa558a,1728934229,2024-10-14 19:30:29+00:00
0,TIV80   ,175,K20V,14658,3326,KAPA,1200,73,1728932858,2024-10-14 19:07:38+00:00,aae16b,1728933798,2024-10-14 19:23:18+00:00
74,N821AR  ,166,3NE9,14710,2590,KFNL,616,96,1728923796,2024-10-14 16:36:36+00:00,ab34a2,1728935047,2024-10-14 19:44:07+00:00
126,N872J   ,81,79WA,12297,2287,KBOI,456,130,1728931444,2024-10-14 18:44:04+00:00,abfe8c,1728934131,2024-10-14 19:28:51+00:00
0,N952MC  ,362,,0,0,6TS2,5554,1499,1728932448,2024-10-14 19:00:48+00:00,ad3d2b,1728935457,2024-10-14 19:50:57+00:00
31,N960AL  ,12,SKGY,2965,25,SKMA,11921,541,1728935615,2024-10-14 19:53:35+00:00,ad5c31,1728936237,2024-10-14 20:03:57+00:00
497,N9717C  ,500,KNFW,7762,411,KFTW,3558,271,1728933726,2024-10-14 19:22:06+00:00,ad8aac,1728935974,2024-10-14 19:59:34+00:00
3,DOW974  ,287,SD82,16357,5727,SC24,1179,358,1728925085,2024-10-14 16:58:05+00:00,ad9414,1728934534,2024-10-14 19:35:34+00:00
276,N977JC  ,469,OK37,15902,2366,KMSN,1327,80,1728926164,2024-10-14 17:16:04+00:00,ad9e71,1728934114,2024-10-14 19:28:34+00:00
123,NITE12  ,122,KNFG,18613,54,KNFG,18590,69,1728930019,2024-10-14 18:20:19+00:00,ae1dc4,1728936621,2024-10-14 20:10:21+00:00
123,BULET55 ,122,KNFG,18496,61,KNFG,18550,69,1728929926,2024-10-14 18:18:46+00:00,ae276e,1728933983,2024-10-14 19:26:23+00:00
0,CWA928  ,60,CJJ3,6444,4730,CMF2,10323,1075,1728933315,2024-10-14 19:15:15+00:00,c063ca,1728934560,2024-10-14 19:36:00+00:00
1,EZY84PK ,109,EPKK,867,3264,EGKK,1816,365,1728927323,2024-10-14 17:35:23+00:00,406012,1728934043,2024-10-14 19:27:23+00:00
10,EZY93HR ,124,LPFR,1196,7,EGGW,1398,258,1728924658,2024-10-14 16:50:58+00:00,407796,1728933777,2024-10-14 19:22:57+00:00
2,WIF149  ,23,ENKL,86509,2173,ENGM,2884,188,1728932776,2024-10-14 19:06:16+00:00,478091,1728934944,2024-10-14 19:42:24+00:00
0,NOZ328  ,23,,0,0,ENGM,3567,242,1728929354,2024-10-14 18:09:14+00:00,47a531,1728934183,2024-10-14 19:29:43+00:00
0,THY6YT  ,25,,0,0,EETN,873,59,1728925441,2024-10-14 17:04:01+00:00,4baa56,1728935074,2024-10-14 19:44:34+00:00
0,THY271  ,14,,0,0,LTFM,6466,388,1728924407,2024-10-14 16:46:47+00:00,4baac1,1728935074,2024-10-14 19:44:34+00:00
0,THY40X  ,76,LTBU,27667,3475,EGCC,642,24,1728924593,2024-10-14 16:49:53+00:00,4bb28a,1728935219,2024-10-14 19:46:59+00:00
0,ELY545  ,33,,0,0,LLBG,1933,103,1728933160,2024-10-14 19:12:40+00:00,738055,1728934578,2024-10-14 19:36:18+00:00
20,ANA968  ,0,RJTT,1473,102,,0,0,1728932289,2024-10-14 18:58:09+00:00,86ced2,1728936953,2024-10-14 20:15:53+00:00
195,AXLE10  ,174,KBFI,343,52,KOAK,1960,63,1728931387,2024-10-14 18:43:07+00:00,a0299e,1728936806,2024-10-14 20:13:26+00:00
3,N180LD  ,23,ENRO,67293,2322,ENGM,3416,264,1728933233,2024-10-14 19:13:53+00:00,a141aa,1728934868,2024-10-14 19:41:08+00:00
98,N246EA  ,40,48AZ,11140,1722,KP52,11970,1661,1728933488,2024-10-14 19:18:08+00:00,a246ae,1728934219,2024-10-14 19:30:19+00:00
4,N247MP  ,527,FL90,17028,2665,KMDW,908,115,1728925397,2024-10-14 17:03:17+00:00,a24b21,1728933925,2024-10-14 19:25:25+00:00
4,VTE3052 ,521,KMVN,7308,2764,KORD,4056,351,1728932601,2024-10-14 19:03:21+00:00,a2768c,1728934636,2024-10-14 19:37:16+00:00
33,VJA320  ,427,9CA0,6290,2197,KAUS,1188,40,1728924335,2024-10-14 16:45:35+00:00,a36f1d,1728934027,2024-10-14 19:27:07+00:00
481,N3744L  ,500,XA99,4648,346,KFTW,4119,271,1728936035,2024-10-14 20:00:35+00:00,a44596,1728936988,2024-10-14 20:16:28+00:00
99,N421JF  ,80,KE77,32607,1745,KSMX,1227,11,1728924705,2024-10-14 16:51:45+00:00,a50024,1728934157,2024-10-14 19:29:17+00:00
97,N485LP  ,28,48AZ,10899,1729,AZ97,156129,1970,1728923090,2024-10-14 16:24:50+00:00,a5fc34,1728934098,2024-10-14 19:28:18+00:00
59,XSM52   ,4,KHND,679,43,CO95,47829,1705,1728927952,2024-10-14 17:45:52+00:00,a687c8,1728934145,2024-10-14 19:29:05+00:00
59,N525KF  ,335,KHND,169,58,KTEB,1702,423,1728917496,2024-10-14 14:51:36+00:00,a69c68,1728933853,2024-10-14 19:24:13+00:00
501,N557PC  ,500,TA19,2156,839,4TX8,2924,630,1728933760,2024-10-14 19:22:40+00:00,a71ab4,1728935684,2024-10-14 19:54:44+00:00
117,N682WY  ,318,KLAR,8499,964,KSOP,4644,737,1728922004,2024-10-14 16:06:44+00:00,a90cb0,1728935284,2024-10-14 19:48:04+00:00
133,N714TA  ,133,KTOA,857,14,KTOA,2111,181,1728932775,2024-10-14 19:06:15+00:00,a98c93,1728934421,2024-10-14 19:33:41+00:00
124,N735AK  ,178,46CO,18863,1344,KFTG,3718,179,1728931556,2024-10-14 18:45:56+00:00,a9dda8,1728934797,2024-10-14 19:39:57+00:00
94,N756DN  ,94,KSDM,881,7,KSDM,516,37,1728932632,2024-10-14 19:03:52+00:00,aa30ab,1728934034,2024-10-14 19:27:14+00:00
20,EJA765  ,7,CJS4,10574,2531,89OR,25250,3307,1728927748,2024-10-14 17:42:28+00:00,aa558a,1728934229,2024-10-14 19:30:29+00:00
0,TIV80   ,175,K20V,14658,3326,KAPA,1200,73,1728932858,2024-10-14 19:07:38+00:00,aae16b,1728933798,2024-10-14 19:23:18+00:00
74,N821AR  ,166,3NE9,14710,2590,KFNL,616,96,1728923796,2024-10-14 16:36:36+00:00,ab34a2,1728935047,2024-10-14 19:44:07+00:00
126,N872J   ,81,79WA,12297,2287,KBOI,456,130,1728931444,2024-10-14 18:44:04+00:00,abfe8c,1728934131,2024-10-14 19:28:51+00:00
0,N952MC  ,362,,0,0,6TS2,5554,1499,1728932448,2024-10-14 19:00:48+00:00,ad3d2b,1728935457,2024-10-14 19:50:57+00:00
31,N960AL  ,12,SKGY,2965,25,SKMA,11921,541,1728935615,2024-10-14 19:53:35+00:00,ad5c31,1728936237,2024-10-14 20:03:57+00:00
497,N9717C  ,500,KNFW,7762,411,KFTW,3558,271,1728933726,2024-10-14 19:22:06+00:00,ad8aac,1728935974,2024-10-14 19:59:34+00:00
3,DOW974  ,287,SD82,16357,5727,SC24,1179,358,1728925085,2024-10-14 16:58:05+00:00,ad9414,1728934534,2024-10-14 19:35:34+00:00
276,N977JC  ,469,OK37,15902,2366,KMSN,1327,80,1728926164,2024-10-14 17:16:04+00:00,ad9e71,1728934114,2024-10-14 19:28:34+00:00
123,NITE12  ,122,KNFG,18613,54,KNFG,18590,69,1728930019,2024-10-14 18:20:19+00:00,ae1dc4,1728936621,2024-10-14 20:10:21+00:00
123,BULET55 ,122,KNFG,18496,61,KNFG,18550,69,1728929926,2024-10-14 18:18:46+00:00,ae276e,1728933983,2024-10-14 19:26:23+00:00
0,CWA928  ,60,CJJ3,6444,4730,CMF2,10323,1075,1728933315,2024-10-14 19:15:15+00:00,c063ca,1728934560,2024-10-14 19:36:00+00:00
1,EZY84PK ,109,EPKK,867,3264,EGKK,1816,365,1728927323,2024-10-14 17:35:23+00:00,406012,1728934043,2024-10-14 19:27:23+00:00
2,WIF149  ,23,ENKL,86509,2173,ENGM,2884,188,1728932776,2024-10-14 19:06:16+00:00,478091,1728934944,2024-10-14 19:42:24+00:00
0,NOZ328  ,23,,0,0,ENGM,3567,242,1728929354,2024-10-14 18:09:14+00:00,47a531,1728934183,2024-10-14 19:29:43+00:00
0,THY6YT  ,25,,0,0,EETN,873,59,1728925441,2024-10-14 17:04:01+00:00,4baa56,1728935074,2024-10-14 19:44:34+00:00
0,THY271  ,14,,0,0,LTFM,6466,388,1728924407,2024-10-14 16:46:47+00:00,4baac1,1728935074,2024-10-14 19:44:34+00:00
0,THY40X  ,76,LTBU,27667,3475,EGCC,642,24,1728924593,2024-10-14 16:49:53+00:00,4bb28a,1728935219,2024-10-14 19:46:59+00:00
0,ELY545  ,33,,0,0,LLBG,1933,103,1728933160,2024-10-14 19:12:40+00:00,738055,1728934578,2024-10-14 19:36:18+00:00
20,ANA968  ,0,RJTT,1473,102,,0,0,1728932289,2024-10-14 18:58:09+00:00,86ced2,1728936953,2024-10-14 20:15:53+00:00
195,AXLE10  ,174,KBFI,343,52,KOAK,1960,63,1728931387,2024-10-14 18:43:07+00:00,a0299e,1728936806,2024-10-14 20:13:26+00:00
3,N180LD  ,23,ENRO,67293,2322,ENGM,3416,264,1728933233,2024-10-14 19:13:53+00:00,a141aa,1728934868,2024-10-14 19:41:08+00:00
107,N197GB  ,157,64OG,13132,1338,KRDM,1231,97,1728936132,2024-10-14 20:02:12+00:00,a182c4,1728937400,2024-10-14 20:23:20+00:00
110,CXK132  ,110,KMYF,421,38,KMYF,219,22,1728934535,2024-10-14 19:35:35+00:00,a23e46,1728934897,2024-10-14 19:41:37+00:00
98,N246EA  ,40,48AZ,11140,1722,KP52,11970,1661,1728933488,2024-10-14 19:18:08+00:00,a246ae,1728934219,2024-10-14 19:30:19+00:00
4,N247MP  ,527,FL90,17028,2665,KMDW,908,115,1728925397,2024-10-14 17:03:17+00:00,a24b21,1728933925,2024-10-14 19:25:25+00:00
4,VTE3052 ,521,KMVN,7308,2764,KORD,4056,351,1728932601,2024-10-14 19:03:21+00:00,a2768c,1728934636,2024-10-14 19:37:16+00:00
33,VJA320  ,427,9CA0,6290,2197,KAUS,1188,40,1728924335,2024-10-14 16:45:35+00:00,a36f1d,1728934027,2024-10-14 19:27:07+00:00
481,N3744L  ,500,XA99,4648,346,KFTW,4119,271,1728936035,2024-10-14 20:00:35+00:00,a44596,1728936988,2024-10-14 20:16:28+00:00
99,N421JF  ,80,KE77,32607,1745,KSMX,1227,11,1728924705,2024-10-14 16:51:45+00:00,a50024,1728934157,2024-10-14 19:29:17+00:00
97,N485LP  ,28,48AZ,10899,1729,AZ97,156129,1970,1728923090,2024-10-14 16:24:50+00:00,a5fc34,1728934098,2024-10-14 19:28:18+00:00
59,XSM52   ,4,KHND,679,43,CO95,47829,1705,1728927952,2024-10-14 17:45:52+00:00,a687c8,1728934145,2024-10-14 19:29:05+00:00
59,N525KF  ,335,KHND,169,58,KTEB,1702,423,1728917496,2024-10-14 14:51:36+00:00,a69c68,1728933853,2024-10-14 19:24:13+00:00
501,N557PC  ,500,TA19,2156,839,4TX8,2924,630,1728933760,2024-10-14 19:22:40+00:00,a71ab4,1728935684,2024-10-14 19:54:44+00:00
8,JIA5330 ,315,SC29,2582,5247,KCLT,3450,457,1728933550,2024-10-14 19:19:10+00:00,a765ec,1728934564,2024-10-14 19:36:04+00:00
117,N682WY  ,318,KLAR,8499,964,KSOP,4644,737,1728922004,2024-10-14 16:06:44+00:00,a90cb0,1728935284,2024-10-14 19:48:04+00:00
133,N714TA  ,133,KTOA,857,14,KTOA,2111,181,1728932775,2024-10-14 19:06:15+00:00,a98c93,1728934421,2024-10-14 19:33:41+00:00
124,N735AK  ,178,46CO,18863,1344,KFTG,3718,179,1728931556,2024-10-14 18:45:56+00:00,a9dda8,1728934797,2024-10-14 19:39:57+00:00
94,N756DN  ,94,KSDM,881,7,KSDM,516,37,1728932632,2024-10-14 19:03:52+00:00,aa30ab,1728934034,2024-10-14 19:27:14+00:00
20,EJA765  ,7,CJS4,10574,2531,89OR,25250,3307,1728927748,2024-10-14 17:42:28+00:00,aa558a,1728934229,2024-10-14 19:30:29+00:00
74,N821AR  ,166,3NE9,14710,2590,KFNL,616,96,1728923796,2024-10-14 16:36:36+00:00,ab34a2,1728935047,2024-10-14 19:44:07+00:00
126,N872J   ,81,79WA,12297,2287,KBOI,456,130,1728931444,2024-10-14 18:44:04+00:00,abfe8c,1728934131,2024-10-14 19:28:51+00:00
0,N952MC  ,362,,0,0,6TS2,5554,1499,1728932448,2024-10-14 19:00:48+00:00,ad3d2b,1728935457,2024-10-14 19:50:57+00:00
31,N960AL  ,12,SKGY,2965,25,SKMA,11921,541,1728935615,2024-10-14 19:53:35+00:00,ad5c31,1728936237,2024-10-14 20:03:57+00:00
497,N9717C  ,500,KNFW,7762,411,KFTW,3558,271,1728933726,2024-10-14 19:22:06+00:00,ad8aac,1728935974,2024-10-14 19:59:34+00:00
3,DOW974  ,287,SD82,16357,5727,SC24,1179,358,1728925085,2024-10-14 16:58:05+00:00,ad9414,1728934534,2024-10-14 19:35:34+00:00
276,N977JC  ,469,OK37,15902,2366,KMSN,1327,80,1728926164,2024-10-14 17:16:04+00:00,ad9e71,1728934114,2024-10-14 19:28:34+00:00
123,NITE12  ,122,KNFG,18613,54,KNFG,18590,69,1728930019,2024-10-14 18:20:19+00:00,ae1dc4,1728936621,2024-10-14 20:10:21+00:00
123,BULET55 ,122,KNFG,18496,61,KNFG,18550,69,1728929926,2024-10-14 18:18:46+00:00,ae276e,1728933983,2024-10-14 19:26:23+00:00
0,CWA928  ,60,CJJ3,6444,4730,CMF2,10323,1075,1728933315,2024-10-14 19:15:15+00:00,c063ca,1728934560,2024-10-14 19:36:00+00:00
